{
  "ECE": 0.2465177976838713,
  "Accuracy": 0.284780889749527,
  "AdaptiveECE": 0.2465173751115799,
  "ClasswiseECE": 0.0009846962057054043,
  "NLL": 4.804104328155518,
  "ECEDebiased": 0.26778079465637555,
  "ECESweep": 0.24651778017266443,
  "BrierLoss": 0.45950964093208313,
  "RBS": 0.9586549401283264
}