{
  "ECE": 0.0163635008632229,
  "Accuracy": 0.284780889749527,
  "AdaptiveECE": 0.014949493110179901,
  "ClasswiseECE": 0.0007552367751486599,
  "NLL": 4.137363433837891,
  "ECEDebiased": 0.020441418648307993,
  "ECESweep": 0.015030468065622157,
  "BrierLoss": 0.41702359914779663,
  "RBS": 0.9132618308067322
}