{
  "ECE": 0.009881208723055564,
  "Accuracy": 0.2488701045513153,
  "AdaptiveECE": 0.009385409764945507,
  "ClasswiseECE": 0.0007309308275580406,
  "NLL": 4.259693622589111,
  "ECEDebiased": 0.00892768472504674,
  "ECESweep": 0.00985955357875314,
  "BrierLoss": 0.4294062554836273,
  "RBS": 0.9267213940620422
}