{
  "ECE": 0.014844373123649645,
  "Accuracy": 0.2523089051246643,
  "AdaptiveECE": 0.01568671502172947,
  "ClasswiseECE": 0.0007732596714049578,
  "NLL": 4.504491806030273,
  "ECEDebiased": 0.01562327350117082,
  "ECESweep": 0.014791791321990481,
  "BrierLoss": 0.43003252148628235,
  "RBS": 0.9273968935012817
}