{
  "ECE": 0.2546270215790243,
  "Accuracy": 0.267513245344162,
  "AdaptiveECE": 0.2546267509460449,
  "ClasswiseECE": 0.0009473321842961013,
  "NLL": 4.674105644226074,
  "ECEDebiased": 0.27034907762582067,
  "ECESweep": 0.2546270265333438,
  "BrierLoss": 0.4713071882724762,
  "RBS": 0.970883309841156
}