{
  "ECE": 0.014005973932473655,
  "Accuracy": 0.27161523699760437,
  "AdaptiveECE": 0.015125321224331856,
  "ClasswiseECE": 0.0007357906433753669,
  "NLL": 4.535529136657715,
  "ECEDebiased": 0.018739288730578417,
  "ECESweep": 0.015054424961680777,
  "BrierLoss": 0.4441779553890228,
  "RBS": 0.9425263404846191
}