{
  "ECE": 0.16940545449430502,
  "Accuracy": 0.29860973358154297,
  "AdaptiveECE": 0.16940514743328094,
  "ClasswiseECE": 0.0008318180916830897,
  "NLL": 4.250418663024902,
  "ECEDebiased": 0.18465115703079754,
  "ECESweep": 0.16940544808814537,
  "BrierLoss": 0.43241438269615173,
  "RBS": 0.9299616813659668
}