{
  "ECE": 0.23894217956489464,
  "Accuracy": 0.2530212104320526,
  "AdaptiveECE": 0.23894184827804565,
  "ClasswiseECE": 0.0010011708363890648,
  "NLL": 5.129284858703613,
  "ECEDebiased": 0.2628448350055706,
  "ECESweep": 0.2389421563088238,
  "BrierLoss": 0.4701559245586395,
  "RBS": 0.9696967601776123
}