{
  "ECE": 0.013092012016886305,
  "Accuracy": 0.27161523699760437,
  "AdaptiveECE": 0.013646276667714119,
  "ClasswiseECE": 0.0006582199712283909,
  "NLL": 4.433832168579102,
  "ECEDebiased": 0.021818499423744298,
  "ECESweep": 0.013603545673097125,
  "BrierLoss": 0.42651745676994324,
  "RBS": 0.9235988855361938
}