{
  "ECE": 0.23893362680685426,
  "Accuracy": 0.2530212104320526,
  "AdaptiveECE": 0.23893335461616516,
  "ClasswiseECE": 0.0010011594276875257,
  "NLL": 5.1239495277404785,
  "ECEDebiased": 0.2628352703210731,
  "ECESweep": 0.23893364561704483,
  "BrierLoss": 0.47015419602394104,
  "RBS": 0.969694972038269
}