{
  "ECE": 0.014640591898631096,
  "Accuracy": 0.27161523699760437,
  "AdaptiveECE": 0.015207848511636257,
  "ClasswiseECE": 0.000733932654839009,
  "NLL": 4.539469242095947,
  "ECEDebiased": 0.017886359533906257,
  "ECESweep": 0.013847937148432585,
  "BrierLoss": 0.44471219182014465,
  "RBS": 0.9430930018424988
}