{
  "ECE": 0.011483613147363169,
  "Accuracy": 0.27161523699760437,
  "AdaptiveECE": 0.013884084299206734,
  "ClasswiseECE": 0.0006453481037169695,
  "NLL": 4.544228553771973,
  "ECEDebiased": 0.015583496901802621,
  "ECESweep": 0.012434698319207894,
  "BrierLoss": 0.4391489028930664,
  "RBS": 0.937175452709198
}