{
  "ECE": 0.0364897116583326,
  "Accuracy": 0.27161523699760437,
  "AdaptiveECE": 0.036175355315208435,
  "ClasswiseECE": 0.0006208195700310171,
  "NLL": 4.45563268661499,
  "ECEDebiased": 0.045657253078200316,
  "ECESweep": 0.03614023362328847,
  "BrierLoss": 0.42852362990379333,
  "RBS": 0.9257684946060181
}