{
  "ECE": 0.0284385402793221,
  "Accuracy": 0.2710748612880707,
  "AdaptiveECE": 0.02919890731573105,
  "ClasswiseECE": 0.0007031391141936183,
  "NLL": 4.485609531402588,
  "ECEDebiased": 0.03362909242761971,
  "ECESweep": 0.026734687467002288,
  "BrierLoss": 0.437873899936676,
  "RBS": 0.9358139634132385
}