{
  "ECE": 0.009207655085145686,
  "Accuracy": 0.29860973358154297,
  "AdaptiveECE": 0.010341371409595013,
  "ClasswiseECE": 0.0007078166236169636,
  "NLL": 4.225464820861816,
  "ECEDebiased": 0.011429443775003406,
  "ECESweep": 0.01003551438372486,
  "BrierLoss": 0.42849940061569214,
  "RBS": 0.9257422685623169
}