{
  "ECE": 0.10923078753483109,
  "Accuracy": 0.2204509675502777,
  "AdaptiveECE": 0.10905003547668457,
  "ClasswiseECE": 0.0009500973392277956,
  "NLL": 4.897750377655029,
  "ECEDebiased": 0.11691637397812252,
  "ECESweep": 0.10905034185106645,
  "BrierLoss": 0.4456183612346649,
  "RBS": 0.9440533518791199
}