{
  "ECE": 0.10595722474292504,
  "Accuracy": 0.2248477041721344,
  "AdaptiveECE": 0.10578233003616333,
  "ClasswiseECE": 0.0009488860960118473,
  "NLL": 4.888530731201172,
  "ECEDebiased": 0.1151412156091569,
  "ECESweep": 0.10485900591868204,
  "BrierLoss": 0.4452272951602936,
  "RBS": 0.9436390399932861
}