{
  "ECE": 0.24651719688912416,
  "Accuracy": 0.284780889749527,
  "AdaptiveECE": 0.24651680886745453,
  "ClasswiseECE": 0.0009847150649875402,
  "NLL": 4.801937103271484,
  "ECEDebiased": 0.2677927261249529,
  "ECESweep": 0.24651719024889857,
  "BrierLoss": 0.4595094919204712,
  "RBS": 0.9586547613143921
}