{
  "ECE": 0.27530816197175717,
  "Accuracy": 0.2488701045513153,
  "AdaptiveECE": 0.2753075659275055,
  "ClasswiseECE": 0.0010204673744738102,
  "NLL": 5.156994342803955,
  "ECEDebiased": 0.29505320470789687,
  "ECESweep": 0.2753081668668282,
  "BrierLoss": 0.48197484016418457,
  "RBS": 0.9818093776702881
}