{
  "ECE": 0.02278450074125982,
  "Accuracy": 0.24702788889408112,
  "AdaptiveECE": 0.022414417937397957,
  "ClasswiseECE": 0.0007764848996885121,
  "NLL": 4.326987266540527,
  "ECEDebiased": 0.023777669339500915,
  "ECESweep": 0.024131624705944557,
  "BrierLoss": 0.4333118498325348,
  "RBS": 0.9309262633323669
}