{
  "ECE": 0.056420583738203335,
  "Accuracy": 0.27161523699760437,
  "AdaptiveECE": 0.0566793829202652,
  "ClasswiseECE": 0.0006286268471740186,
  "NLL": 4.36423921585083,
  "ECEDebiased": 0.08216513106332625,
  "ECESweep": 0.056679214186904935,
  "BrierLoss": 0.4262273907661438,
  "RBS": 0.9232847690582275
}