{
  "ECE": 0.11322982623711254,
  "Accuracy": 0.2842159569263458,
  "AdaptiveECE": 0.11322954297065735,
  "ClasswiseECE": 0.0007550628506578505,
  "NLL": 4.390164852142334,
  "ECEDebiased": 0.1296072385287227,
  "ECESweep": 0.11322981826953721,
  "BrierLoss": 0.4222216010093689,
  "RBS": 0.9189358949661255
}