{
  "ECE": 0.05321432361020571,
  "Accuracy": 0.28338080644607544,
  "AdaptiveECE": 0.05361277610063553,
  "ClasswiseECE": 0.0007729224744252861,
  "NLL": 4.165134906768799,
  "ECEDebiased": 0.05602010791335987,
  "ECESweep": 0.05361307081774662,
  "BrierLoss": 0.41711094975471497,
  "RBS": 0.9133574962615967
}