{
  "ECE": 0.07083394165495058,
  "Accuracy": 0.31457555294036865,
  "AdaptiveECE": 0.07137966901063919,
  "ClasswiseECE": 0.0006387066096067429,
  "NLL": 4.020727157592773,
  "ECEDebiased": 0.09457822101904251,
  "ECESweep": 0.07125971475178708,
  "BrierLoss": 0.40711620450019836,
  "RBS": 0.9023482799530029
}