{
  "ECE": 0.011436532475262893,
  "Accuracy": 0.267513245344162,
  "AdaptiveECE": 0.010432489216327667,
  "ClasswiseECE": 0.0006204210803844035,
  "NLL": 4.4217329025268555,
  "ECEDebiased": 0.01302183117677226,
  "ECESweep": 0.010756745438171428,
  "BrierLoss": 0.42371296882629395,
  "RBS": 0.9205573797225952
}