{
  "ECE": 0.24631907171887282,
  "Accuracy": 0.31457555294036865,
  "AdaptiveECE": 0.24629652500152588,
  "ClasswiseECE": 0.0009101979667320848,
  "NLL": 4.377281665802002,
  "ECEDebiased": 0.26303359038658364,
  "ECESweep": 0.24627396060231802,
  "BrierLoss": 0.45408129692077637,
  "RBS": 0.9529756307601929
}