{
  "ECE": 0.06468569093374149,
  "Accuracy": 0.29860973358154297,
  "AdaptiveECE": 0.06468555331230164,
  "ClasswiseECE": 0.0006264304392971098,
  "NLL": 4.064933776855469,
  "ECEDebiased": 0.08521295233267724,
  "ECESweep": 0.06479851968511778,
  "BrierLoss": 0.40862753987312317,
  "RBS": 0.9040216207504272
}