{
  "ECE": 0.028322378337993784,
  "Accuracy": 0.27122223377227783,
  "AdaptiveECE": 0.02889447659254074,
  "ClasswiseECE": 0.0007031518616713583,
  "NLL": 4.4852213859558105,
  "ECEDebiased": 0.033612524971549894,
  "ECESweep": 0.02653471846682492,
  "BrierLoss": 0.43784400820732117,
  "RBS": 0.9357820153236389
}