{
  "ECE": 0.053214134353251986,
  "Accuracy": 0.28338080644607544,
  "AdaptiveECE": 0.05361252278089523,
  "ClasswiseECE": 0.0007729224162176251,
  "NLL": 4.165134906768799,
  "ECEDebiased": 0.05601986135944593,
  "ECESweep": 0.053612817261469804,
  "BrierLoss": 0.41711094975471497,
  "RBS": 0.9133574962615967
}