{
  "ECE": 0.015357671492753376,
  "Accuracy": 0.27161523699760437,
  "AdaptiveECE": 0.016571827232837677,
  "ClasswiseECE": 0.0006610745331272483,
  "NLL": 4.425950050354004,
  "ECEDebiased": 0.028601394306770583,
  "ECESweep": 0.017088184321486233,
  "BrierLoss": 0.42673346400260925,
  "RBS": 0.9238327145576477
}