{
  "ECE": 0.24651719209763517,
  "Accuracy": 0.284780889749527,
  "AdaptiveECE": 0.24651682376861572,
  "ClasswiseECE": 0.0009846955072134733,
  "NLL": 4.801937580108643,
  "ECEDebiased": 0.26779069105766307,
  "ECESweep": 0.24651719099410302,
  "BrierLoss": 0.4595094919204712,
  "RBS": 0.9586547613143921
}