{
  "ECE": 0.015663884884567474,
  "Accuracy": 0.25417566299438477,
  "AdaptiveECE": 0.016422372311353683,
  "ClasswiseECE": 0.0007360755698755383,
  "NLL": 4.5092973709106445,
  "ECEDebiased": 0.02887857748954971,
  "ECESweep": 0.01671804336006161,
  "BrierLoss": 0.4290829598903656,
  "RBS": 0.9263724684715271
}