{
  "ECE": 0.1358650737930888,
  "Accuracy": 0.21593141555786133,
  "AdaptiveECE": 0.13410888612270355,
  "ClasswiseECE": 0.0009434993844479322,
  "NLL": 4.8984880447387695,
  "ECEDebiased": 0.14216622695206915,
  "ECESweep": 0.13613032123652605,
  "BrierLoss": 0.45280730724334717,
  "RBS": 0.951637864112854
}