{
  "ECE": 0.0542032959033554,
  "Accuracy": 0.28812143206596375,
  "AdaptiveECE": 0.05301283672451973,
  "ClasswiseECE": 0.000766655255574733,
  "NLL": 4.147464275360107,
  "ECEDebiased": 0.05777496836929313,
  "ECESweep": 0.05505475187961486,
  "BrierLoss": 0.41519519686698914,
  "RBS": 0.9112575650215149
}