{
  "ECE": 0.014626880233646564,
  "Accuracy": 0.2488701045513153,
  "AdaptiveECE": 0.014599848538637161,
  "ClasswiseECE": 0.0007809567614458501,
  "NLL": 4.355058670043945,
  "ECEDebiased": 0.016294624549315184,
  "ECESweep": 0.014600084002110885,
  "BrierLoss": 0.4408215880393982,
  "RBS": 0.9389585852622986
}