{
  "ECE": 0.0182548120918364,
  "Accuracy": 0.2988799214363098,
  "AdaptiveECE": 0.018849430605769157,
  "ClasswiseECE": 0.0006338278180919588,
  "NLL": 4.182789325714111,
  "ECEDebiased": 0.03219942262283646,
  "ECESweep": 0.019009791002757986,
  "BrierLoss": 0.41097399592399597,
  "RBS": 0.9066134691238403
}