{
  "ECE": 0.00885598884745744,
  "Accuracy": 0.2840685546398163,
  "AdaptiveECE": 0.010975196957588196,
  "ClasswiseECE": 0.0007986693526618183,
  "NLL": 4.1859283447265625,
  "ECEDebiased": 0.007811319776175725,
  "ECESweep": 0.009571690402601458,
  "BrierLoss": 0.4193769097328186,
  "RBS": 0.9158350229263306
}