{
  "ECE": 0.07037915077662919,
  "Accuracy": 0.31457555294036865,
  "AdaptiveECE": 0.07011377811431885,
  "ClasswiseECE": 0.0006532692932523787,
  "NLL": 4.231594562530518,
  "ECEDebiased": 0.08391115317953739,
  "ECESweep": 0.057104806055029884,
  "BrierLoss": 0.4227401912212372,
  "RBS": 0.9195000529289246
}