{
  "ECE": 0.014710451249347252,
  "Accuracy": 0.2523089051246643,
  "AdaptiveECE": 0.014670919626951218,
  "ClasswiseECE": 0.0007555921329185367,
  "NLL": 4.483274936676025,
  "ECEDebiased": 0.021343071508964744,
  "ECESweep": 0.014671157779987187,
  "BrierLoss": 0.42913731932640076,
  "RBS": 0.9264311194419861
}