{
  "ECE": 0.011426196589983239,
  "Accuracy": 0.2530212104320526,
  "AdaptiveECE": 0.010964324697852135,
  "ClasswiseECE": 0.0007640550611540675,
  "NLL": 4.499450206756592,
  "ECEDebiased": 0.016382893446322648,
  "ECESweep": 0.01075638643811636,
  "BrierLoss": 0.4324323832988739,
  "RBS": 0.9299810528755188
}