{
  "ECE": 0.12535732926108717,
  "Accuracy": 0.31850558519363403,
  "AdaptiveECE": 0.12535706162452698,
  "ClasswiseECE": 0.000757289701141417,
  "NLL": 4.082988262176514,
  "ECEDebiased": 0.13985983207719357,
  "ECESweep": 0.1253573310496145,
  "BrierLoss": 0.4098368287086487,
  "RBS": 0.9053583145141602
}