{
  "ECE": 0.022560827849671835,
  "Accuracy": 0.31457555294036865,
  "AdaptiveECE": 0.022726088762283325,
  "ClasswiseECE": 0.0006839222041890025,
  "NLL": 4.173417568206787,
  "ECEDebiased": 0.07387815605326317,
  "ECESweep": 0.021084230086817604,
  "BrierLoss": 0.42458081245422363,
  "RBS": 0.9214996695518494
}