{
  "ECE": 0.01377045443253349,
  "Accuracy": 0.269527405500412,
  "AdaptiveECE": 0.01362958550453186,
  "ClasswiseECE": 0.0007378833834081888,
  "NLL": 4.4801130294799805,
  "ECEDebiased": 0.01379082720116,
  "ECESweep": 0.014057953524101129,
  "BrierLoss": 0.4366970360279083,
  "RBS": 0.9345555305480957
}