{
  "ECE": 0.10874054333483144,
  "Accuracy": 0.258965402841568,
  "AdaptiveECE": 0.10867660492658615,
  "ClasswiseECE": 0.0009328550659120083,
  "NLL": 4.568345546722412,
  "ECEDebiased": 0.11772518852498777,
  "ECESweep": 0.10752954716212416,
  "BrierLoss": 0.43394696712493896,
  "RBS": 0.931608259677887
}