{
  "ECE": 0.01823705720930624,
  "Accuracy": 0.2735556960105896,
  "AdaptiveECE": 0.019346222281455994,
  "ClasswiseECE": 0.000661746074911207,
  "NLL": 4.4702019691467285,
  "ECEDebiased": 0.026459359433470706,
  "ECESweep": 0.018528101734464193,
  "BrierLoss": 0.43428558111190796,
  "RBS": 0.9319716691970825
}