{
  "ECE": 0.014577117849029356,
  "Accuracy": 0.31457555294036865,
  "AdaptiveECE": 0.014215292409062386,
  "ClasswiseECE": 0.0006356499507091939,
  "NLL": 4.06621789932251,
  "ECEDebiased": 0.022640474867583183,
  "ECESweep": 0.01614745970764911,
  "BrierLoss": 0.4055855870246887,
  "RBS": 0.9006504416465759
}