{
  "ECE": 0.08075143173000252,
  "Accuracy": 0.3232707679271698,
  "AdaptiveECE": 0.0807313546538353,
  "ClasswiseECE": 0.0006733139744028449,
  "NLL": 3.9476585388183594,
  "ECEDebiased": 0.0924500694428607,
  "ECESweep": 0.08088697970660517,
  "BrierLoss": 0.3998299837112427,
  "RBS": 0.8942371010780334
}