{
  "ECE": 0.2751450350644068,
  "Accuracy": 0.2488701045513153,
  "AdaptiveECE": 0.2751423418521881,
  "ClasswiseECE": 0.0010185358114540577,
  "NLL": 5.146328926086426,
  "ECEDebiased": 0.2950135649788453,
  "ECESweep": 0.27514503436742466,
  "BrierLoss": 0.48196014761924744,
  "RBS": 0.9817944169044495
}