{
  "ECE": 0.009881169865547284,
  "Accuracy": 0.2488701045513153,
  "AdaptiveECE": 0.009385351091623306,
  "ClasswiseECE": 0.0007309304201044142,
  "NLL": 4.259693622589111,
  "ECEDebiased": 0.008927656110635384,
  "ECESweep": 0.009859487955557467,
  "BrierLoss": 0.4294062554836273,
  "RBS": 0.9267213940620422
}