{
  "ECE": 0.012356424295722463,
  "Accuracy": 0.27161523699760437,
  "AdaptiveECE": 0.012902652844786644,
  "ClasswiseECE": 0.0006641006330028176,
  "NLL": 4.42672872543335,
  "ECEDebiased": 0.017297155701563545,
  "ECESweep": 0.013633058223954636,
  "BrierLoss": 0.426358163356781,
  "RBS": 0.9234263896942139
}