{
  "ECE": 0.010075542543707114,
  "Accuracy": 0.284780889749527,
  "AdaptiveECE": 0.010287425480782986,
  "ClasswiseECE": 0.0007791983080096543,
  "NLL": 4.159646511077881,
  "ECEDebiased": 0.009967624904131224,
  "ECESweep": 0.010114630715184732,
  "BrierLoss": 0.4207807779312134,
  "RBS": 0.917366623878479
}