{
  "ECE": 0.07035909351353081,
  "Accuracy": 0.31457555294036865,
  "AdaptiveECE": 0.07011338323354721,
  "ClasswiseECE": 0.0006532708648592234,
  "NLL": 4.231590747833252,
  "ECEDebiased": 0.08388556554750533,
  "ECESweep": 0.0571041269878269,
  "BrierLoss": 0.4227401912212372,
  "RBS": 0.9195000529289246
}