{
  "ECE": 0.11465024313543379,
  "Accuracy": 0.2816122770309448,
  "AdaptiveECE": 0.11464997380971909,
  "ClasswiseECE": 0.0008788405102677643,
  "NLL": 4.287576198577881,
  "ECEDebiased": 0.12521678447596196,
  "ECESweep": 0.114650225745652,
  "BrierLoss": 0.425245076417923,
  "RBS": 0.9222202301025391
}