{
  "ECE": 0.035252426818121525,
  "Accuracy": 0.24702788889408112,
  "AdaptiveECE": 0.03460036963224411,
  "ClasswiseECE": 0.0007882868521846831,
  "NLL": 4.329989910125732,
  "ECEDebiased": 0.03712950812691585,
  "ECESweep": 0.03490403589570563,
  "BrierLoss": 0.4330199658870697,
  "RBS": 0.9306126832962036
}