{
  "ECE": 0.015992517436300573,
  "Accuracy": 0.267513245344162,
  "AdaptiveECE": 0.017119918018579483,
  "ClasswiseECE": 0.0007212009513750672,
  "NLL": 4.553205490112305,
  "ECEDebiased": 0.023451399737479308,
  "ECESweep": 0.01712752586074347,
  "BrierLoss": 0.4505457580089569,
  "RBS": 0.9492583870887756
}