{
  "ECE": 0.12536305459058852,
  "Accuracy": 0.31850558519363403,
  "AdaptiveECE": 0.12536278367042542,
  "ClasswiseECE": 0.0007573050679638982,
  "NLL": 4.083022117614746,
  "ECEDebiased": 0.13986663406204922,
  "ECESweep": 0.12536305114465837,
  "BrierLoss": 0.409837543964386,
  "RBS": 0.9053590893745422
}