{
  "ECE": 0.03411077526042054,
  "Accuracy": 0.27161523699760437,
  "AdaptiveECE": 0.035299669951200485,
  "ClasswiseECE": 0.0007202975102700293,
  "NLL": 4.507773399353027,
  "ECEDebiased": 0.05270609312751028,
  "ECESweep": 0.035762011800616486,
  "BrierLoss": 0.4406978487968445,
  "RBS": 0.9388267397880554
}