{
  "ECE": 0.011483698579876018,
  "Accuracy": 0.27161523699760437,
  "AdaptiveECE": 0.01388388592749834,
  "ClasswiseECE": 0.0006453475798480213,
  "NLL": 4.544229030609131,
  "ECEDebiased": 0.01558327181742957,
  "ECESweep": 0.012434426146819465,
  "BrierLoss": 0.4391489028930664,
  "RBS": 0.937175452709198
}