{
  "ECE": 0.05321436086365773,
  "Accuracy": 0.28338080644607544,
  "AdaptiveECE": 0.05361282452940941,
  "ClasswiseECE": 0.0007729224744252861,
  "NLL": 4.165134906768799,
  "ECEDebiased": 0.056020188761682785,
  "ECESweep": 0.05361311527023613,
  "BrierLoss": 0.41711094975471497,
  "RBS": 0.9133574962615967
}