{
  "ECE": 0.012340322294997012,
  "Accuracy": 0.29197779297828674,
  "AdaptiveECE": 0.011529590003192425,
  "ClasswiseECE": 0.0006319854292087257,
  "NLL": 4.260033130645752,
  "ECEDebiased": 0.012599745889053302,
  "ECESweep": 0.012006687409734757,
  "BrierLoss": 0.4174281656742096,
  "RBS": 0.9137047529220581
}