{
  "ECE": 0.08075144243353237,
  "Accuracy": 0.3232707679271698,
  "AdaptiveECE": 0.0807313621044159,
  "ClasswiseECE": 0.0006733137415722013,
  "NLL": 3.9476585388183594,
  "ECEDebiased": 0.09245008633090954,
  "ECESweep": 0.0808869757803732,
  "BrierLoss": 0.3998299837112427,
  "RBS": 0.8942371010780334
}