{
  "ECE": 0.010440804697478025,
  "Accuracy": 0.284780889749527,
  "AdaptiveECE": 0.01140095666050911,
  "ClasswiseECE": 0.0007985982811078429,
  "NLL": 4.202868461608887,
  "ECEDebiased": 0.013828473007968583,
  "ECESweep": 0.011621771771208215,
  "BrierLoss": 0.4266200065612793,
  "RBS": 0.9237099289894104
}