{
  "ECE": 0.01593846408787535,
  "Accuracy": 0.24702788889408112,
  "AdaptiveECE": 0.01600278913974762,
  "ClasswiseECE": 0.0007708485354669392,
  "NLL": 4.330129623413086,
  "ECEDebiased": 0.01595102908799709,
  "ECESweep": 0.01653114494410654,
  "BrierLoss": 0.43393075466156006,
  "RBS": 0.9315908551216125
}