{
  "ECE": 0.00971774336340052,
  "Accuracy": 0.24663488566875458,
  "AdaptiveECE": 0.010783660225570202,
  "ClasswiseECE": 0.0007435755105689168,
  "NLL": 4.321877479553223,
  "ECEDebiased": 0.01217731648974999,
  "ECESweep": 0.011819127062344763,
  "BrierLoss": 0.43135344982147217,
  "RBS": 0.9288201928138733
}