{
  "ECE": 0.0805085274464262,
  "Accuracy": 0.2940901815891266,
  "AdaptiveECE": 0.08203475922346115,
  "ClasswiseECE": 0.0008163065067492425,
  "NLL": 4.198398113250732,
  "ECEDebiased": 0.09505599321148539,
  "ECESweep": 0.08050853307462319,
  "BrierLoss": 0.42483073472976685,
  "RBS": 0.9217708110809326
}