{
  "ECE": 0.02887561245504631,
  "Accuracy": 0.27161523699760437,
  "AdaptiveECE": 0.029252003878355026,
  "ClasswiseECE": 0.0007021498749963939,
  "NLL": 4.484599590301514,
  "ECEDebiased": 0.03364052880117567,
  "ECESweep": 0.02545942947243596,
  "BrierLoss": 0.4376354515552521,
  "RBS": 0.9355591535568237
}