{
  "ECE": 0.16940545096062307,
  "Accuracy": 0.29860973358154297,
  "AdaptiveECE": 0.16940514743328094,
  "ClasswiseECE": 0.0008318180916830897,
  "NLL": 4.2504191398620605,
  "ECEDebiased": 0.18465115256475317,
  "ECESweep": 0.16940544759128137,
  "BrierLoss": 0.4324144423007965,
  "RBS": 0.9299617409706116
}