{
  "ECE": 0.009881196043233223,
  "Accuracy": 0.2488701045513153,
  "AdaptiveECE": 0.009385399520397186,
  "ClasswiseECE": 0.0007309307111427188,
  "NLL": 4.259693145751953,
  "ECEDebiased": 0.008927665068339906,
  "ECESweep": 0.009859530789853401,
  "BrierLoss": 0.4294062554836273,
  "RBS": 0.9267213940620422
}