{
  "ECE": 0.016044265258999456,
  "Accuracy": 0.25299665331840515,
  "AdaptiveECE": 0.015971479937434196,
  "ClasswiseECE": 0.0007426710217259824,
  "NLL": 4.522487163543701,
  "ECEDebiased": 0.02959060113572514,
  "ECESweep": 0.015876054885768102,
  "BrierLoss": 0.429983526468277,
  "RBS": 0.9273440837860107
}