{
  "ECE": 0.011146340789308148,
  "Accuracy": 0.2530212104320526,
  "AdaptiveECE": 0.011010751128196716,
  "ClasswiseECE": 0.0007641720003448427,
  "NLL": 4.503113269805908,
  "ECEDebiased": 0.016367317069942516,
  "ECESweep": 0.011007007477081401,
  "BrierLoss": 0.43305695056915283,
  "RBS": 0.930652379989624
}