{
  "ECE": 0.029264204691613116,
  "Accuracy": 0.284780889749527,
  "AdaptiveECE": 0.03175317123532295,
  "ClasswiseECE": 0.0006896279519423842,
  "NLL": 4.039337158203125,
  "ECEDebiased": 0.04571789944577891,
  "ECESweep": 0.031651286369324676,
  "BrierLoss": 0.41188398003578186,
  "RBS": 0.9076166152954102
}