{
  "ECE": 0.01767041011682151,
  "Accuracy": 0.28171053528785706,
  "AdaptiveECE": 0.018710220232605934,
  "ClasswiseECE": 0.000769353995565325,
  "NLL": 4.185522556304932,
  "ECEDebiased": 0.02571623392809397,
  "ECESweep": 0.018912253049053113,
  "BrierLoss": 0.4187353551387787,
  "RBS": 0.9151342511177063
}