{
  "ECE": 0.04671954002575778,
  "Accuracy": 0.29860973358154297,
  "AdaptiveECE": 0.0430656261742115,
  "ClasswiseECE": 0.0006947037181816995,
  "NLL": 4.171391487121582,
  "ECEDebiased": 0.050999312202481405,
  "ECESweep": 0.04337871714102938,
  "BrierLoss": 0.4160796105861664,
  "RBS": 0.9122276306152344
}