{
  "ECE": 0.007486729738539514,
  "Accuracy": 0.27043622732162476,
  "AdaptiveECE": 0.009218749590218067,
  "ClasswiseECE": 0.0007454985752701759,
  "NLL": 4.495802879333496,
  "ECEDebiased": 0.01085042884703701,
  "ECESweep": 0.009536614256866513,
  "BrierLoss": 0.4389243423938751,
  "RBS": 0.9369357824325562
}