{
  "ECE": 0.029676490862454687,
  "Accuracy": 0.27068185806274414,
  "AdaptiveECE": 0.02979939430952072,
  "ClasswiseECE": 0.0007035292219370604,
  "NLL": 4.487220287322998,
  "ECEDebiased": 0.03455996847149632,
  "ECESweep": 0.02737448688235598,
  "BrierLoss": 0.43793559074401855,
  "RBS": 0.9358798861503601
}