{
  "ECE": 0.05569590663668782,
  "Accuracy": 0.267513245344162,
  "AdaptiveECE": 0.05414843559265137,
  "ClasswiseECE": 0.000703879282809794,
  "NLL": 4.463711261749268,
  "ECEDebiased": 0.05948256480184323,
  "ECESweep": 0.054178135743334306,
  "BrierLoss": 0.43533727526664734,
  "RBS": 0.9330994486808777
}