{
  "ECE": 0.012546240988226471,
  "Accuracy": 0.2919532358646393,
  "AdaptiveECE": 0.011607987806200981,
  "ClasswiseECE": 0.0006319691892713308,
  "NLL": 4.260004043579102,
  "ECEDebiased": 0.012759786684477855,
  "ECESweep": 0.01208474757994393,
  "BrierLoss": 0.417423278093338,
  "RBS": 0.9136993885040283
}