{
  "ECE": 0.10595721696531096,
  "Accuracy": 0.2248477041721344,
  "AdaptiveECE": 0.10578232258558273,
  "ClasswiseECE": 0.0009488860378041863,
  "NLL": 4.888530731201172,
  "ECEDebiased": 0.11514120716787181,
  "ECESweep": 0.10485900591868204,
  "BrierLoss": 0.4452272355556488,
  "RBS": 0.9436389803886414
}