{
  "ECE": 0.16940545167746143,
  "Accuracy": 0.29860973358154297,
  "AdaptiveECE": 0.16940514743328094,
  "ClasswiseECE": 0.0008318180916830897,
  "NLL": 4.250418186187744,
  "ECEDebiased": 0.18465115279104993,
  "ECESweep": 0.16940545206159313,
  "BrierLoss": 0.4324144423007965,
  "RBS": 0.9299617409706116
}