{
  "ECE": 0.27514503303705534,
  "Accuracy": 0.2488701045513153,
  "AdaptiveECE": 0.2751423418521881,
  "ClasswiseECE": 0.0010185358114540577,
  "NLL": 5.146328926086426,
  "ECEDebiased": 0.29501356492643116,
  "ECESweep": 0.27514503436742466,
  "BrierLoss": 0.4819600582122803,
  "RBS": 0.9817943572998047
}