{
  "ECE": 0.06458227810156905,
  "Accuracy": 0.29860973358154297,
  "AdaptiveECE": 0.06458214670419693,
  "ClasswiseECE": 0.0006261887028813362,
  "NLL": 4.066433906555176,
  "ECEDebiased": 0.08538094400352303,
  "ECESweep": 0.06458227897835551,
  "BrierLoss": 0.4087456166744232,
  "RBS": 0.9041522145271301
}