{
  "ECE": 0.2546270237424872,
  "Accuracy": 0.267513245344162,
  "AdaptiveECE": 0.25462672114372253,
  "ClasswiseECE": 0.0009473321842961013,
  "NLL": 4.674105644226074,
  "ECEDebiased": 0.2703490792296271,
  "ECESweep": 0.2546270265333438,
  "BrierLoss": 0.4713071584701538,
  "RBS": 0.9708832502365112
}