{
  "ECE": 0.08077577575177429,
  "Accuracy": 0.32324621081352234,
  "AdaptiveECE": 0.08075571060180664,
  "ClasswiseECE": 0.000673313916195184,
  "NLL": 3.9476587772369385,
  "ECEDebiased": 0.0924616869449012,
  "ECESweep": 0.08091133269700054,
  "BrierLoss": 0.3998299539089203,
  "RBS": 0.8942370414733887
}