{
  "ECE": 0.07233369199470882,
  "Accuracy": 0.31457555294036865,
  "AdaptiveECE": 0.07296434044837952,
  "ClasswiseECE": 0.0006334871286526322,
  "NLL": 4.023386001586914,
  "ECEDebiased": 0.09797213401383009,
  "ECESweep": 0.07318087586905023,
  "BrierLoss": 0.4074406623840332,
  "RBS": 0.9027077555656433
}