{
  "ECE": 0.06472915418700079,
  "Accuracy": 0.267513245344162,
  "AdaptiveECE": 0.06190955266356468,
  "ClasswiseECE": 0.0007203792920336127,
  "NLL": 4.461738109588623,
  "ECEDebiased": 0.06830314762161614,
  "ECESweep": 0.06335052241075116,
  "BrierLoss": 0.43571290373802185,
  "RBS": 0.9335018992424011
}