{
  "ECE": 0.2465171800532131,
  "Accuracy": 0.284780889749527,
  "AdaptiveECE": 0.24651679396629333,
  "ClasswiseECE": 0.0009846955072134733,
  "NLL": 4.801937580108643,
  "ECEDebiased": 0.26779067290552516,
  "ECESweep": 0.24651719024889857,
  "BrierLoss": 0.4595094919204712,
  "RBS": 0.9586547613143921
}