{
  "ECE": 0.24637926960743542,
  "Accuracy": 0.31457555294036865,
  "AdaptiveECE": 0.2463788390159607,
  "ClasswiseECE": 0.0009114996646530926,
  "NLL": 4.376198768615723,
  "ECEDebiased": 0.2630395636409307,
  "ECESweep": 0.24637926897112009,
  "BrierLoss": 0.45407718420028687,
  "RBS": 0.952971339225769
}