{
  "ECE": 0.01916458562333455,
  "Accuracy": 0.28259479999542236,
  "AdaptiveECE": 0.01928705722093582,
  "ClasswiseECE": 0.0007636270602233708,
  "NLL": 4.172440528869629,
  "ECEDebiased": 0.026325979207336817,
  "ECESweep": 0.018989915162907597,
  "BrierLoss": 0.4181438982486725,
  "RBS": 0.9144877195358276
}