{
  "ECE": 0.008612965160055174,
  "Accuracy": 0.284780889749527,
  "AdaptiveECE": 0.01037947740405798,
  "ClasswiseECE": 0.0007720108260400593,
  "NLL": 4.144025802612305,
  "ECEDebiased": 0.009432063159716389,
  "ECESweep": 0.008938510378231205,
  "BrierLoss": 0.4180268943309784,
  "RBS": 0.9143597483634949
}