{
  "ECE": 0.24637926962244197,
  "Accuracy": 0.31457555294036865,
  "AdaptiveECE": 0.2463788390159607,
  "ClasswiseECE": 0.0009114997228607535,
  "NLL": 4.376198768615723,
  "ECEDebiased": 0.2630395636432747,
  "ECESweep": 0.2463792652458298,
  "BrierLoss": 0.45407718420028687,
  "RBS": 0.952971339225769
}