{
  "ECE": 0.246517185024415,
  "Accuracy": 0.284780889749527,
  "AdaptiveECE": 0.24651680886745453,
  "ClasswiseECE": 0.0009846955072134733,
  "NLL": 4.801937103271484,
  "ECEDebiased": 0.267790681240148,
  "ECESweep": 0.24651719024889857,
  "BrierLoss": 0.4595095217227936,
  "RBS": 0.9586548209190369
}