{
  "ECE": 0.012594587728307951,
  "Accuracy": 0.24702788889408112,
  "AdaptiveECE": 0.012917684391140938,
  "ClasswiseECE": 0.0007566494168713689,
  "NLL": 4.303997993469238,
  "ECEDebiased": 0.011899997885554039,
  "ECESweep": 0.01291804068241804,
  "BrierLoss": 0.43245670199394226,
  "RBS": 0.9300072193145752
}