{
  "ECE": 0.014218715324413742,
  "Accuracy": 0.2488701045513153,
  "AdaptiveECE": 0.01307608000934124,
  "ClasswiseECE": 0.0007253219373524189,
  "NLL": 4.261161804199219,
  "ECEDebiased": 0.019336642882300505,
  "ECESweep": 0.014757036025255058,
  "BrierLoss": 0.4296441078186035,
  "RBS": 0.9269779920578003
}