{
  "ECE": 0.007951986787928203,
  "Accuracy": 0.2530212104320526,
  "AdaptiveECE": 0.006058689672499895,
  "ClasswiseECE": 0.0007084605749696493,
  "NLL": 4.488276481628418,
  "ECEDebiased": 0.010607293840505941,
  "ECESweep": 0.007391677154412926,
  "BrierLoss": 0.429918110370636,
  "RBS": 0.9272735118865967
}