{
  "ECE": 0.09074779285581357,
  "Accuracy": 0.24972979724407196,
  "AdaptiveECE": 0.09073922038078308,
  "ClasswiseECE": 0.000824629096314311,
  "NLL": 4.476633548736572,
  "ECEDebiased": 0.09572854724677271,
  "ECESweep": 0.09018268088077569,
  "BrierLoss": 0.43799978494644165,
  "RBS": 0.9359484910964966
}