{
  "ECE": 0.009841940320895,
  "Accuracy": 0.2488701045513153,
  "AdaptiveECE": 0.009385474026203156,
  "ClasswiseECE": 0.0007309311185963452,
  "NLL": 4.259693622589111,
  "ECEDebiased": 0.00889641927115692,
  "ECESweep": 0.009859603524700725,
  "BrierLoss": 0.4294062554836273,
  "RBS": 0.9267213940620422
}