{
  "ECE": 0.016363499087323066,
  "Accuracy": 0.284780889749527,
  "AdaptiveECE": 0.01494949497282505,
  "ClasswiseECE": 0.0007552367751486599,
  "NLL": 4.137363433837891,
  "ECEDebiased": 0.02044141704157054,
  "ECESweep": 0.015030468065622157,
  "BrierLoss": 0.41702359914779663,
  "RBS": 0.9132618308067322
}