{
  "ECE": 0.026938607223371457,
  "Accuracy": 0.27412062883377075,
  "AdaptiveECE": 0.027370627969503403,
  "ClasswiseECE": 0.00070437032263726,
  "NLL": 4.51192045211792,
  "ECEDebiased": 0.036751315371163044,
  "ECESweep": 0.02765360423111196,
  "BrierLoss": 0.4376109540462494,
  "RBS": 0.9355329275131226
}