{
  "ECE": 0.01351334335727884,
  "Accuracy": 0.31457555294036865,
  "AdaptiveECE": 0.012790201231837273,
  "ClasswiseECE": 0.0006763111450709403,
  "NLL": 4.157660484313965,
  "ECEDebiased": 0.047092464656915765,
  "ECESweep": 0.01382517928722788,
  "BrierLoss": 0.41983190178871155,
  "RBS": 0.9163317084312439
}