{
  "ECE": 0.011247487798571815,
  "Accuracy": 0.2840685546398163,
  "AdaptiveECE": 0.010233095847070217,
  "ClasswiseECE": 0.0007999750087037683,
  "NLL": 4.181598663330078,
  "ECEDebiased": 0.01019097724205297,
  "ECESweep": 0.011390232123649762,
  "BrierLoss": 0.41899120807647705,
  "RBS": 0.9154137969017029
}