{
  "ECE": 0.24650577692606696,
  "Accuracy": 0.284780889749527,
  "AdaptiveECE": 0.24650539457798004,
  "ClasswiseECE": 0.0009847184410318732,
  "NLL": 4.797763824462891,
  "ECEDebiased": 0.2677827753708442,
  "ECESweep": 0.24650576625126921,
  "BrierLoss": 0.45950716733932495,
  "RBS": 0.9586523771286011
}