{
  "ECE": 0.01648955778591225,
  "Accuracy": 0.25316858291625977,
  "AdaptiveECE": 0.016680285334587097,
  "ClasswiseECE": 0.0007402547635138035,
  "NLL": 4.5208001136779785,
  "ECEDebiased": 0.029083684340858822,
  "ECESweep": 0.017018681687172396,
  "BrierLoss": 0.4298330247402191,
  "RBS": 0.9271817803382874
}