{
  "ECE": 0.07095377896117232,
  "Accuracy": 0.27161523699760437,
  "AdaptiveECE": 0.07248006016016006,
  "ClasswiseECE": 0.0007590529276058078,
  "NLL": 4.518172264099121,
  "ECEDebiased": 0.09177163308946007,
  "ECESweep": 0.07210943418230856,
  "BrierLoss": 0.44310033321380615,
  "RBS": 0.9413822889328003
}