{
  "ECE": 0.009802325537194376,
  "Accuracy": 0.284780889749527,
  "AdaptiveECE": 0.009496567770838737,
  "ClasswiseECE": 0.0007401177426800132,
  "NLL": 4.138271331787109,
  "ECEDebiased": 0.011790928221973357,
  "ECESweep": 0.012378236771546385,
  "BrierLoss": 0.4168992042541504,
  "RBS": 0.9131256341934204
}