{
  "ECE": 0.083548749660889,
  "Accuracy": 0.2931322455406189,
  "AdaptiveECE": 0.08487657457590103,
  "ClasswiseECE": 0.0008146481122821569,
  "NLL": 4.1852240562438965,
  "ECEDebiased": 0.0952677802985188,
  "ECESweep": 0.08419707193816953,
  "BrierLoss": 0.4238155484199524,
  "RBS": 0.9206688404083252
}