{
  "ECE": 0.10924056083438663,
  "Accuracy": 0.2204509675502777,
  "AdaptiveECE": 0.10904994606971741,
  "ClasswiseECE": 0.0009500972228124738,
  "NLL": 4.897750377655029,
  "ECEDebiased": 0.11692213667121969,
  "ECESweep": 0.10905024922015663,
  "BrierLoss": 0.4456183612346649,
  "RBS": 0.9440533518791199
}