{
  "ECE": 0.013770460758719134,
  "Accuracy": 0.269527405500412,
  "AdaptiveECE": 0.013629589229822159,
  "ClasswiseECE": 0.0007378833834081888,
  "NLL": 4.4801130294799805,
  "ECEDebiased": 0.013790838931929082,
  "ECESweep": 0.014057953524101129,
  "BrierLoss": 0.4366970360279083,
  "RBS": 0.9345555305480957
}