{
  "ECE": 0.10923072945774565,
  "Accuracy": 0.2204509675502777,
  "AdaptiveECE": 0.10905001312494278,
  "ClasswiseECE": 0.0009500974556431174,
  "NLL": 4.897750377655029,
  "ECEDebiased": 0.11691627709567777,
  "ECESweep": 0.10905031577705397,
  "BrierLoss": 0.4456183612346649,
  "RBS": 0.9440533518791199
}