{
  "ECE": 0.06957100989730028,
  "Accuracy": 0.267513245344162,
  "AdaptiveECE": 0.0695708766579628,
  "ClasswiseECE": 0.0006162106874398887,
  "NLL": 4.333345413208008,
  "ECEDebiased": 0.08992837404856974,
  "ECESweep": 0.0695709998491642,
  "BrierLoss": 0.4230935275554657,
  "RBS": 0.9198842644691467
}