{
  "ECE": 0.11179533060808466,
  "Accuracy": 0.2542002201080322,
  "AdaptiveECE": 0.11187398433685303,
  "ClasswiseECE": 0.0009316667565144598,
  "NLL": 4.574586391448975,
  "ECEDebiased": 0.1172699812721264,
  "ECESweep": 0.11145188001116804,
  "BrierLoss": 0.43358731269836426,
  "RBS": 0.931222140789032
}