{
  "ECE": 0.034110770228734835,
  "Accuracy": 0.27161523699760437,
  "AdaptiveECE": 0.035299673676490784,
  "ClasswiseECE": 0.0007202975102700293,
  "NLL": 4.507773399353027,
  "ECEDebiased": 0.052706091791037954,
  "ECESweep": 0.035762011800616486,
  "BrierLoss": 0.4406978487968445,
  "RBS": 0.9388267397880554
}