{
  "ECE": 0.03162116840649941,
  "Accuracy": 0.2530212104320526,
  "AdaptiveECE": 0.03235812485218048,
  "ClasswiseECE": 0.0006627275724895298,
  "NLL": 4.372407913208008,
  "ECEDebiased": 0.050731933640425185,
  "ECESweep": 0.03277935654055427,
  "BrierLoss": 0.425773561000824,
  "RBS": 0.9227930903434753
}