{
  "ECE": 0.017808703247144442,
  "Accuracy": 0.31457555294036865,
  "AdaptiveECE": 0.018163572996854782,
  "ClasswiseECE": 0.000747202371712774,
  "NLL": 4.297143459320068,
  "ECEDebiased": 0.05410109155748903,
  "ECESweep": 0.02021212331671762,
  "BrierLoss": 0.4380822479724884,
  "RBS": 0.9360365867614746
}