{
  "ECE": 0.06545739363277604,
  "Accuracy": 0.31457555294036865,
  "AdaptiveECE": 0.06456165760755539,
  "ClasswiseECE": 0.00072537234518677,
  "NLL": 4.158652305603027,
  "ECEDebiased": 0.09111745648994408,
  "ECESweep": 0.05582515666534728,
  "BrierLoss": 0.42364537715911865,
  "RBS": 0.9204840064048767
}