{
  "ECE": 0.021514316113882746,
  "Accuracy": 0.275225967168808,
  "AdaptiveECE": 0.022330114617943764,
  "ClasswiseECE": 0.0007017917814664543,
  "NLL": 4.5023040771484375,
  "ECEDebiased": 0.029242936942931612,
  "ECESweep": 0.0225454664103413,
  "BrierLoss": 0.43575018644332886,
  "RBS": 0.9335418343544006
}