{
  "ECE": 0.07240176227613171,
  "Accuracy": 0.31457555294036865,
  "AdaptiveECE": 0.07298137992620468,
  "ClasswiseECE": 0.0006333146011456847,
  "NLL": 4.023197650909424,
  "ECEDebiased": 0.09824882527982687,
  "ECESweep": 0.07339753612061925,
  "BrierLoss": 0.40745481848716736,
  "RBS": 0.9027234315872192
}