{
  "ECE": 0.06485419400826194,
  "Accuracy": 0.29860973358154297,
  "AdaptiveECE": 0.06485404074192047,
  "ClasswiseECE": 0.0006269794539548457,
  "NLL": 4.065326690673828,
  "ECEDebiased": 0.085399460716316,
  "ECESweep": 0.06487113737246275,
  "BrierLoss": 0.4086144268512726,
  "RBS": 0.9040071368217468
}