{
  "ECE": 0.03246748392882129,
  "Accuracy": 0.31749850511550903,
  "AdaptiveECE": 0.033768706023693085,
  "ClasswiseECE": 0.000706139428075403,
  "NLL": 4.174592971801758,
  "ECEDebiased": 0.047242214644469836,
  "ECESweep": 0.03531506269771989,
  "BrierLoss": 0.42293569445610046,
  "RBS": 0.9197126626968384
}