{
  "ECE": 0.007486367174331804,
  "Accuracy": 0.27043622732162476,
  "AdaptiveECE": 0.009218946099281311,
  "ClasswiseECE": 0.0007454985752701759,
  "NLL": 4.495802879333496,
  "ECEDebiased": 0.010850128495216564,
  "ECESweep": 0.009536421783290417,
  "BrierLoss": 0.4389243423938751,
  "RBS": 0.9369357824325562
}