{
  "ECE": 0.24637927916552452,
  "Accuracy": 0.31457555294036865,
  "AdaptiveECE": 0.24637886881828308,
  "ClasswiseECE": 0.0009114996646530926,
  "NLL": 4.376198768615723,
  "ECEDebiased": 0.2630395739577678,
  "ECESweep": 0.2463792652458298,
  "BrierLoss": 0.45407718420028687,
  "RBS": 0.952971339225769
}