{
  "ECE": 0.13416949401335637,
  "Accuracy": 0.3372224271297455,
  "AdaptiveECE": 0.13416917622089386,
  "ClasswiseECE": 0.000712083128746599,
  "NLL": 3.947612762451172,
  "ECEDebiased": 0.14390831508839094,
  "ECESweep": 0.13416949134630404,
  "BrierLoss": 0.40851470828056335,
  "RBS": 0.9038968086242676
}