{
  "ECE": 0.08409772992493153,
  "Accuracy": 0.24611906707286835,
  "AdaptiveECE": 0.08402127027511597,
  "ClasswiseECE": 0.0008312819409184158,
  "NLL": 4.496661186218262,
  "ECEDebiased": 0.08964896337892247,
  "ECESweep": 0.08402146156793096,
  "BrierLoss": 0.4394925534725189,
  "RBS": 0.9375420808792114
}