{
  "ECE": 0.02262400426146241,
  "Accuracy": 0.2530212104320526,
  "AdaptiveECE": 0.021793745458126068,
  "ClasswiseECE": 0.0007333675748668611,
  "NLL": 4.484874725341797,
  "ECEDebiased": 0.02885695181459507,
  "ECESweep": 0.02207395355082649,
  "BrierLoss": 0.4303676187992096,
  "RBS": 0.9277581572532654
}