{
  "ECE": 0.05420330029497416,
  "Accuracy": 0.28812143206596375,
  "AdaptiveECE": 0.05301282927393913,
  "ClasswiseECE": 0.000766655255574733,
  "NLL": 4.147464275360107,
  "ECEDebiased": 0.0577749719732562,
  "ECESweep": 0.055054749526510974,
  "BrierLoss": 0.41519519686698914,
  "RBS": 0.9112575650215149
}