{
  "ECE": 0.13586513756956095,
  "Accuracy": 0.21593141555786133,
  "AdaptiveECE": 0.1341092884540558,
  "ClasswiseECE": 0.0009434995008632541,
  "NLL": 4.898488521575928,
  "ECEDebiased": 0.14216641199383015,
  "ECESweep": 0.13613058486029195,
  "BrierLoss": 0.45280733704566956,
  "RBS": 0.951637864112854
}