{
  "ECE": 0.018254806141730116,
  "Accuracy": 0.2988799214363098,
  "AdaptiveECE": 0.018849434331059456,
  "ClasswiseECE": 0.0006338278180919588,
  "NLL": 4.182789325714111,
  "ECEDebiased": 0.032199406662834086,
  "ECESweep": 0.019009791002757986,
  "BrierLoss": 0.41097399592399597,
  "RBS": 0.9066134691238403
}