{
  "ECE": 0.08075108600271241,
  "Accuracy": 0.3232707679271698,
  "AdaptiveECE": 0.08073100447654724,
  "ClasswiseECE": 0.0006733130430802703,
  "NLL": 3.947657346725464,
  "ECEDebiased": 0.09244972966571868,
  "ECESweep": 0.08088662990923963,
  "BrierLoss": 0.3998298943042755,
  "RBS": 0.8942369818687439
}