{
  "ECE": 0.008179798633783273,
  "Accuracy": 0.267513245344162,
  "AdaptiveECE": 0.010004068724811077,
  "ClasswiseECE": 0.0007156652281992137,
  "NLL": 4.54055118560791,
  "ECEDebiased": 0.01163560950051516,
  "ECESweep": 0.010905243277016828,
  "BrierLoss": 0.4495728313922882,
  "RBS": 0.948232889175415
}