{
  "ECE": 0.007485787368747918,
  "Accuracy": 0.27043622732162476,
  "AdaptiveECE": 0.00921847764402628,
  "ClasswiseECE": 0.0007454985752701759,
  "NLL": 4.495802879333496,
  "ECEDebiased": 0.010849512855516826,
  "ECESweep": 0.009486797667774808,
  "BrierLoss": 0.4389243423938751,
  "RBS": 0.9369357824325562
}