{
  "ECE": 0.12536546516132088,
  "Accuracy": 0.31850558519363403,
  "AdaptiveECE": 0.12536516785621643,
  "ClasswiseECE": 0.0007573015172965825,
  "NLL": 4.083033561706543,
  "ECEDebiased": 0.13987064171014876,
  "ECESweep": 0.12536546752540517,
  "BrierLoss": 0.4098374843597412,
  "RBS": 0.9053590297698975
}