{
  "ECE": 0.017227064080259653,
  "Accuracy": 0.25400373339653015,
  "AdaptiveECE": 0.017383160069584846,
  "ClasswiseECE": 0.0007403821800835431,
  "NLL": 4.505995273590088,
  "ECEDebiased": 0.030143588839558505,
  "ECESweep": 0.017168069031220576,
  "BrierLoss": 0.4298078417778015,
  "RBS": 0.9271546006202698
}