{
  "ECE": 0.23386548363442056,
  "Accuracy": 0.24675770103931427,
  "AdaptiveECE": 0.2338651418685913,
  "ClasswiseECE": 0.0009798918617889285,
  "NLL": 4.898407936096191,
  "ECEDebiased": 0.2510907129230393,
  "ECESweep": 0.23386548238182925,
  "BrierLoss": 0.46856096386909485,
  "RBS": 0.9680505990982056
}