{
  "ECE": 0.01242830155197349,
  "Accuracy": 0.29197779297828674,
  "AdaptiveECE": 0.011559727601706982,
  "ClasswiseECE": 0.0006319223903119564,
  "NLL": 4.259951591491699,
  "ECEDebiased": 0.012632940816790218,
  "ECESweep": 0.011968314814210929,
  "BrierLoss": 0.41742366552352905,
  "RBS": 0.9136998057365417
}