{
  "ECE": 0.046719530902493304,
  "Accuracy": 0.29860973358154297,
  "AdaptiveECE": 0.04306561499834061,
  "ClasswiseECE": 0.0006947037181816995,
  "NLL": 4.171391487121582,
  "ECEDebiased": 0.05099930429075617,
  "ECESweep": 0.043378722581095194,
  "BrierLoss": 0.4160796105861664,
  "RBS": 0.9122276306152344
}