{
  "ECE": 0.12536571449333883,
  "Accuracy": 0.31850558519363403,
  "AdaptiveECE": 0.1253654509782791,
  "ClasswiseECE": 0.0007573027396574616,
  "NLL": 4.083036422729492,
  "ECEDebiased": 0.13987068955802962,
  "ECESweep": 0.1253657206939817,
  "BrierLoss": 0.40983760356903076,
  "RBS": 0.905359148979187
}