{
  "ECE": 0.013376172965600728,
  "Accuracy": 0.27161523699760437,
  "AdaptiveECE": 0.015694834291934967,
  "ClasswiseECE": 0.0007355797570198774,
  "NLL": 4.537092685699463,
  "ECEDebiased": 0.01864507430425435,
  "ECESweep": 0.01395219432178714,
  "BrierLoss": 0.4444873332977295,
  "RBS": 0.9428545236587524
}