{
  "ECE": 0.030843491627038477,
  "Accuracy": 0.2530212104320526,
  "AdaptiveECE": 0.031464047729969025,
  "ClasswiseECE": 0.0006633971934206784,
  "NLL": 4.371445178985596,
  "ECEDebiased": 0.04930998807099671,
  "ECESweep": 0.03216146117097415,
  "BrierLoss": 0.42557111382484436,
  "RBS": 0.9225736856460571
}