{
  "ECE": 0.00792194836968613,
  "Accuracy": 0.2530212104320526,
  "AdaptiveECE": 0.006058673840016127,
  "ClasswiseECE": 0.0007084608660079539,
  "NLL": 4.488275527954102,
  "ECEDebiased": 0.01055474042232009,
  "ECESweep": 0.00739137735021077,
  "BrierLoss": 0.429918110370636,
  "RBS": 0.9272735118865967
}