{
  "ECE": 0.012332107412789325,
  "Accuracy": 0.29197779297828674,
  "AdaptiveECE": 0.011579971760511398,
  "ClasswiseECE": 0.0006319988751783967,
  "NLL": 4.260030746459961,
  "ECEDebiased": 0.012593965964727411,
  "ECESweep": 0.012056925753076613,
  "BrierLoss": 0.4174281060695648,
  "RBS": 0.9137046933174133
}