{
  "ECE": 0.24651718583769805,
  "Accuracy": 0.284780889749527,
  "AdaptiveECE": 0.24651680886745453,
  "ClasswiseECE": 0.0009846955072134733,
  "NLL": 4.801937103271484,
  "ECEDebiased": 0.2677906837422658,
  "ECESweep": 0.24651719024889857,
  "BrierLoss": 0.4595094919204712,
  "RBS": 0.9586547613143921
}