{
  "ECE": 0.08409770281207987,
  "Accuracy": 0.24611906707286835,
  "AdaptiveECE": 0.08402115106582642,
  "ClasswiseECE": 0.0008312818827107549,
  "NLL": 4.4966607093811035,
  "ECEDebiased": 0.08964888242180807,
  "ECESweep": 0.08402136012203194,
  "BrierLoss": 0.4394925534725189,
  "RBS": 0.9375420808792114
}