{
  "ECE": 0.07095377400534301,
  "Accuracy": 0.27161523699760437,
  "AdaptiveECE": 0.07248006016016006,
  "ClasswiseECE": 0.0007590529858134687,
  "NLL": 4.518172264099121,
  "ECEDebiased": 0.09177162659941743,
  "ECESweep": 0.07210943676160908,
  "BrierLoss": 0.44310033321380615,
  "RBS": 0.9413822889328003
}