{
  "ECE": 0.14293422872220007,
  "Accuracy": 0.28539496660232544,
  "AdaptiveECE": 0.14279292523860931,
  "ClasswiseECE": 0.0007503365050069988,
  "NLL": 4.278195858001709,
  "ECEDebiased": 0.15947632391305366,
  "ECESweep": 0.14279311384012353,
  "BrierLoss": 0.4258127510547638,
  "RBS": 0.9228355884552002
}