{
  "ECE": 0.02947773683873292,
  "Accuracy": 0.284780889749527,
  "AdaptiveECE": 0.03139409050345421,
  "ClasswiseECE": 0.0006896718987263739,
  "NLL": 4.039316177368164,
  "ECEDebiased": 0.04568969362056405,
  "ECESweep": 0.031077803966477087,
  "BrierLoss": 0.4118776321411133,
  "RBS": 0.9076096415519714
}