{
  "ECE": 0.0226240017244365,
  "Accuracy": 0.2530212104320526,
  "AdaptiveECE": 0.021793745458126068,
  "ClasswiseECE": 0.0007333675748668611,
  "NLL": 4.484874725341797,
  "ECEDebiased": 0.028856943910266376,
  "ECESweep": 0.02207395355082649,
  "BrierLoss": 0.430367648601532,
  "RBS": 0.9277582168579102
}