{
  "ECE": 0.11179503681195622,
  "Accuracy": 0.2542002201080322,
  "AdaptiveECE": 0.11187367141246796,
  "ClasswiseECE": 0.0009316796786151826,
  "NLL": 4.574586391448975,
  "ECEDebiased": 0.11727740697917327,
  "ECESweep": 0.11145168343164713,
  "BrierLoss": 0.43358731269836426,
  "RBS": 0.931222140789032
}