{
  "ECE": 0.031846714219399413,
  "Accuracy": 0.30128708481788635,
  "AdaptiveECE": 0.0326748788356781,
  "ClasswiseECE": 0.0007034462760202587,
  "NLL": 4.2010650634765625,
  "ECEDebiased": 0.04007628898018966,
  "ECESweep": 0.03195199830720001,
  "BrierLoss": 0.41986438632011414,
  "RBS": 0.9163671731948853
}