{
  "ECE": 0.012471481739627747,
  "Accuracy": 0.2530212104320526,
  "AdaptiveECE": 0.011941930279135704,
  "ClasswiseECE": 0.0007638168171979487,
  "NLL": 4.501712322235107,
  "ECEDebiased": 0.017841745953724442,
  "ECESweep": 0.011925361479825997,
  "BrierLoss": 0.43283987045288086,
  "RBS": 0.9304191470146179
}