{
  "ECE": 0.23386546846387307,
  "Accuracy": 0.24675770103931427,
  "AdaptiveECE": 0.2338651418685913,
  "ClasswiseECE": 0.0009798918617889285,
  "NLL": 4.898407459259033,
  "ECEDebiased": 0.25109069522528255,
  "ECESweep": 0.23386548238182925,
  "BrierLoss": 0.46856096386909485,
  "RBS": 0.9680505990982056
}