{
  "ECE": 0.10874053620341502,
  "Accuracy": 0.258965402841568,
  "AdaptiveECE": 0.10867661237716675,
  "ClasswiseECE": 0.0009328550659120083,
  "NLL": 4.56834602355957,
  "ECEDebiased": 0.11772518205052351,
  "ECESweep": 0.10752954641691967,
  "BrierLoss": 0.43394702672958374,
  "RBS": 0.9316083192825317
}