{
  "ECE": 0.2465057667358717,
  "Accuracy": 0.284780889749527,
  "AdaptiveECE": 0.24650539457798004,
  "ClasswiseECE": 0.0009847184410318732,
  "NLL": 4.797764301300049,
  "ECEDebiased": 0.2677827623964447,
  "ECESweep": 0.24650576625126921,
  "BrierLoss": 0.4595072269439697,
  "RBS": 0.9586524367332458
}