{
  "ECE": 0.02262400343280676,
  "Accuracy": 0.2530212104320526,
  "AdaptiveECE": 0.021793749183416367,
  "ClasswiseECE": 0.0007333675748668611,
  "NLL": 4.484874725341797,
  "ECEDebiased": 0.02885694655266223,
  "ECESweep": 0.02207395355082649,
  "BrierLoss": 0.430367648601532,
  "RBS": 0.9277582168579102
}