{
  "ECE": 0.004978232842164199,
  "Accuracy": 0.2488701045513153,
  "AdaptiveECE": 0.005693037062883377,
  "ClasswiseECE": 0.0007355140405707061,
  "NLL": 4.291082382202148,
  "ECEDebiased": 0.004642646499467296,
  "ECESweep": 0.00701620149094737,
  "BrierLoss": 0.434121698141098,
  "RBS": 0.9317957758903503
}