{
  "ECE": 0.2753073159723487,
  "Accuracy": 0.2488701045513153,
  "AdaptiveECE": 0.27530673146247864,
  "ClasswiseECE": 0.0010204659774899483,
  "NLL": 5.1542534828186035,
  "ECEDebiased": 0.29505235096948074,
  "ECESweep": 0.275307315795747,
  "BrierLoss": 0.48197463154792786,
  "RBS": 0.9818091988563538
}