{
  "ECE": 0.11179534438906005,
  "Accuracy": 0.2542002201080322,
  "AdaptiveECE": 0.11187399923801422,
  "ClasswiseECE": 0.0009316668147221208,
  "NLL": 4.574586868286133,
  "ECEDebiased": 0.11726997485044074,
  "ECESweep": 0.11145188373572631,
  "BrierLoss": 0.43358731269836426,
  "RBS": 0.931222140789032
}