{
  "ECE": 0.10924054274451164,
  "Accuracy": 0.2204509675502777,
  "AdaptiveECE": 0.10904993861913681,
  "ClasswiseECE": 0.0009500972228124738,
  "NLL": 4.897750377655029,
  "ECEDebiased": 0.1169222720694813,
  "ECESweep": 0.10905023530942931,
  "BrierLoss": 0.4456183612346649,
  "RBS": 0.9440533518791199
}