{
  "ECE": 0.2544570677762213,
  "Accuracy": 0.2674395740032196,
  "AdaptiveECE": 0.25444820523262024,
  "ClasswiseECE": 0.0009436528198421001,
  "NLL": 4.675976276397705,
  "ECEDebiased": 0.27034280598944527,
  "ECESweep": 0.2544570665548126,
  "BrierLoss": 0.4713064432144165,
  "RBS": 0.9708825349807739
}