{
  "ECE": 0.009802254930809856,
  "Accuracy": 0.284780889749527,
  "AdaptiveECE": 0.009496452286839485,
  "ClasswiseECE": 0.0007401176844723523,
  "NLL": 4.138271331787109,
  "ECEDebiased": 0.011790860020243677,
  "ECESweep": 0.012378168642756251,
  "BrierLoss": 0.4168992042541504,
  "RBS": 0.9131256341934204
}