{
  "ECE": 0.07095376800124967,
  "Accuracy": 0.27161523699760437,
  "AdaptiveECE": 0.07248006016016006,
  "ClasswiseECE": 0.0007590529858134687,
  "NLL": 4.518172264099121,
  "ECEDebiased": 0.09177161739128407,
  "ECESweep": 0.07210943103129419,
  "BrierLoss": 0.4431003928184509,
  "RBS": 0.9413824081420898
}