{
  "ECE": 0.03306534867510448,
  "Accuracy": 0.31860384345054626,
  "AdaptiveECE": 0.03372033312916756,
  "ClasswiseECE": 0.0007053747540339828,
  "NLL": 4.170186996459961,
  "ECEDebiased": 0.05308377441181301,
  "ECESweep": 0.029771247170799632,
  "BrierLoss": 0.4228232502937317,
  "RBS": 0.919590413570404
}