{
  "ECE": 0.007486073889616428,
  "Accuracy": 0.27043622732162476,
  "AdaptiveECE": 0.00921850185841322,
  "ClasswiseECE": 0.0007454985752701759,
  "NLL": 4.495802879333496,
  "ECEDebiased": 0.010849688707768755,
  "ECESweep": 0.009536120917601964,
  "BrierLoss": 0.4389243423938751,
  "RBS": 0.9369357824325562
}