{
  "ECE": 0.023092571065568446,
  "Accuracy": 0.2488701045513153,
  "AdaptiveECE": 0.023173971101641655,
  "ClasswiseECE": 0.0007133969920687377,
  "NLL": 4.287851333618164,
  "ECEDebiased": 0.02902431309793256,
  "ECESweep": 0.02243170220560236,
  "BrierLoss": 0.4322502613067627,
  "RBS": 0.9297851920127869
}