{
  "ECE": 0.14131597562743023,
  "Accuracy": 0.28627923130989075,
  "AdaptiveECE": 0.14131563901901245,
  "ClasswiseECE": 0.0007514117169193923,
  "NLL": 4.314520359039307,
  "ECEDebiased": 0.1534605795253006,
  "ECESweep": 0.14131598235202206,
  "BrierLoss": 0.4261890649795532,
  "RBS": 0.9232432842254639
}