{
  "ECE": 0.018961903308444116,
  "Accuracy": 0.2667272388935089,
  "AdaptiveECE": 0.01938777044415474,
  "ClasswiseECE": 0.0006123210769146681,
  "NLL": 4.436182498931885,
  "ECEDebiased": 0.03036741775325769,
  "ECESweep": 0.01938804159357984,
  "BrierLoss": 0.4233703315258026,
  "RBS": 0.9201851487159729
}