{
  "ECE": 0.16940544463535245,
  "Accuracy": 0.29860973358154297,
  "AdaptiveECE": 0.16940514743328094,
  "ClasswiseECE": 0.0008318180334754288,
  "NLL": 4.250418663024902,
  "ECEDebiased": 0.1846511436449421,
  "ECESweep": 0.16940544808814537,
  "BrierLoss": 0.4324144423007965,
  "RBS": 0.9299617409706116
}