{
  "ECE": 0.12536074347573714,
  "Accuracy": 0.31850558519363403,
  "AdaptiveECE": 0.12536047399044037,
  "ClasswiseECE": 0.0007572686881758273,
  "NLL": 4.083009243011475,
  "ECEDebiased": 0.1398641810006551,
  "ECESweep": 0.1253607329182469,
  "BrierLoss": 0.4098373055458069,
  "RBS": 0.9053588509559631
}