{
  "ECE": 0.014860336879430424,
  "Accuracy": 0.29860973358154297,
  "AdaptiveECE": 0.015212816186249256,
  "ClasswiseECE": 0.0006622999208047986,
  "NLL": 4.208261966705322,
  "ECEDebiased": 0.022768985485902293,
  "ECESweep": 0.015249688314092041,
  "BrierLoss": 0.4214494526386261,
  "RBS": 0.9180952310562134
}