{
  "ECE": 0.06545738594428635,
  "Accuracy": 0.31457555294036865,
  "AdaptiveECE": 0.06456166505813599,
  "ClasswiseECE": 0.00072537234518677,
  "NLL": 4.158652305603027,
  "ECEDebiased": 0.09111745232686062,
  "ECESweep": 0.05582515666534728,
  "BrierLoss": 0.42364537715911865,
  "RBS": 0.9204840064048767
}