{
  "ECE": 0.06472915235583283,
  "Accuracy": 0.267513245344162,
  "AdaptiveECE": 0.06190956011414528,
  "ClasswiseECE": 0.0007203792920336127,
  "NLL": 4.461738109588623,
  "ECEDebiased": 0.06830314663188174,
  "ECESweep": 0.06335052260684315,
  "BrierLoss": 0.43571290373802185,
  "RBS": 0.9335018992424011
}