{
  "ECE": 0.05649938904598874,
  "Accuracy": 0.27161523699760437,
  "AdaptiveECE": 0.05674780160188675,
  "ClasswiseECE": 0.000628314504865557,
  "NLL": 4.364088535308838,
  "ECEDebiased": 0.08198256289366149,
  "ECESweep": 0.05671655861882276,
  "BrierLoss": 0.42611196637153625,
  "RBS": 0.9231597781181335
}