{
  "ECE": 0.06942381429795075,
  "Accuracy": 0.267513245344162,
  "AdaptiveECE": 0.06942368298768997,
  "ClasswiseECE": 0.0006164892110973597,
  "NLL": 4.3324875831604,
  "ECEDebiased": 0.08942650109379606,
  "ECESweep": 0.06942380663782716,
  "BrierLoss": 0.422889769077301,
  "RBS": 0.9196627140045166
}