{
  "ECE": 0.05884158480511662,
  "Accuracy": 0.29860973358154297,
  "AdaptiveECE": 0.0583566278219223,
  "ClasswiseECE": 0.000715767324436456,
  "NLL": 4.167392730712891,
  "ECEDebiased": 0.0657962616835255,
  "ECESweep": 0.056809056641035825,
  "BrierLoss": 0.416720449924469,
  "RBS": 0.9129298329353333
}