{
  "ECE": 0.14290396408563139,
  "Accuracy": 0.28539496660232544,
  "AdaptiveECE": 0.14276239275932312,
  "ClasswiseECE": 0.0007503019878640771,
  "NLL": 4.27816104888916,
  "ECEDebiased": 0.1594326888223193,
  "ECESweep": 0.1427625576885171,
  "BrierLoss": 0.4258054196834564,
  "RBS": 0.9228276610374451
}