{
  "ECE": 0.011122817099665368,
  "Accuracy": 0.2840685546398163,
  "AdaptiveECE": 0.011601639911532402,
  "ClasswiseECE": 0.0007796250865794718,
  "NLL": 4.164521217346191,
  "ECEDebiased": 0.013066920467416423,
  "ECESweep": 0.0119674158909194,
  "BrierLoss": 0.4183448553085327,
  "RBS": 0.9147074222564697
}