{
  "ECE": 0.018237060310359696,
  "Accuracy": 0.2735556960105896,
  "AdaptiveECE": 0.01934620551764965,
  "ClasswiseECE": 0.000661746074911207,
  "NLL": 4.4702019691467285,
  "ECEDebiased": 0.026459362984488564,
  "ECESweep": 0.018528101734464193,
  "BrierLoss": 0.43428558111190796,
  "RBS": 0.9319716691970825
}