{
  "ECE": 0.06493673353891699,
  "Accuracy": 0.29860973358154297,
  "AdaptiveECE": 0.06493659317493439,
  "ClasswiseECE": 0.0006269056466408074,
  "NLL": 4.064826488494873,
  "ECEDebiased": 0.08538698943405372,
  "ECESweep": 0.06493674252739685,
  "BrierLoss": 0.40857213735580444,
  "RBS": 0.9039603471755981
}