{
  "ECE": 0.07084336980332204,
  "Accuracy": 0.31457555294036865,
  "AdaptiveECE": 0.07117072492837906,
  "ClasswiseECE": 0.0006393631920218468,
  "NLL": 4.018677234649658,
  "ECEDebiased": 0.09380816281496263,
  "ECESweep": 0.07148913383841848,
  "BrierLoss": 0.4069209098815918,
  "RBS": 0.9021317958831787
}