{
  "ECE": 0.034127157236861,
  "Accuracy": 0.31825995445251465,
  "AdaptiveECE": 0.0330863781273365,
  "ClasswiseECE": 0.0007053108420222998,
  "NLL": 4.167205810546875,
  "ECEDebiased": 0.053885583328022534,
  "ECESweep": 0.029927251152628342,
  "BrierLoss": 0.4228437840938568,
  "RBS": 0.91961270570755
}