{
  "ECE": 0.24651779216474648,
  "Accuracy": 0.284780889749527,
  "AdaptiveECE": 0.2465173900127411,
  "ClasswiseECE": 0.0009846962057054043,
  "NLL": 4.804103851318359,
  "ECEDebiased": 0.2677807841749121,
  "ECESweep": 0.24651778017266443,
  "BrierLoss": 0.45950958132743835,
  "RBS": 0.9586548805236816
}