{
  "ECE": 0.07095376635802988,
  "Accuracy": 0.27161523699760437,
  "AdaptiveECE": 0.07248006761074066,
  "ClasswiseECE": 0.0007590529276058078,
  "NLL": 4.518172264099121,
  "ECEDebiased": 0.09177161232709731,
  "ECESweep": 0.07210943189252508,
  "BrierLoss": 0.4431003928184509,
  "RBS": 0.9413824081420898
}