{
  "ECE": 0.013549428308918114,
  "Accuracy": 0.2488701045513153,
  "AdaptiveECE": 0.012939078733325005,
  "ClasswiseECE": 0.0007876335293985903,
  "NLL": 4.376397609710693,
  "ECEDebiased": 0.01441313061916614,
  "ECESweep": 0.013001324108123376,
  "BrierLoss": 0.4426079988479614,
  "RBS": 0.9408591985702515
}