{
  "ECE": 0.0907477892410595,
  "Accuracy": 0.24972979724407196,
  "AdaptiveECE": 0.09073924273252487,
  "ClasswiseECE": 0.000824629096314311,
  "NLL": 4.476633548736572,
  "ECEDebiased": 0.09572854688339733,
  "ECESweep": 0.09018268513605422,
  "BrierLoss": 0.4379997253417969,
  "RBS": 0.9359484314918518
}