{
  "ECE": 0.014218716544704352,
  "Accuracy": 0.2488701045513153,
  "AdaptiveECE": 0.013076070696115494,
  "ClasswiseECE": 0.0007253219373524189,
  "NLL": 4.261161804199219,
  "ECEDebiased": 0.019336645646741556,
  "ECESweep": 0.014757036025255058,
  "BrierLoss": 0.4296441078186035,
  "RBS": 0.9269779920578003
}