{
  "ECE": 0.14290867618485142,
  "Accuracy": 0.28539496660232544,
  "AdaptiveECE": 0.14276720583438873,
  "ClasswiseECE": 0.0007502961670979857,
  "NLL": 4.278160095214844,
  "ECEDebiased": 0.15944383078470653,
  "ECESweep": 0.14276738110237966,
  "BrierLoss": 0.4258061945438385,
  "RBS": 0.9228284955024719
}