{
  "ECE": 0.2389421606493836,
  "Accuracy": 0.2530212104320526,
  "AdaptiveECE": 0.23894184827804565,
  "ClasswiseECE": 0.0010011708363890648,
  "NLL": 5.129284381866455,
  "ECEDebiased": 0.26284481877362326,
  "ECESweep": 0.23894215205134917,
  "BrierLoss": 0.4701559245586395,
  "RBS": 0.9696967601776123
}