{
  "ECE": 0.016247287590812846,
  "Accuracy": 0.2488701045513153,
  "AdaptiveECE": 0.017465408891439438,
  "ClasswiseECE": 0.00067144725471735,
  "NLL": 4.17875862121582,
  "ECEDebiased": 0.023710667343828727,
  "ECESweep": 0.01745897870884425,
  "BrierLoss": 0.4256948232650757,
  "RBS": 0.9227077960968018
}