{
  "ECE": 0.015748587158986433,
  "Accuracy": 0.31457555294036865,
  "AdaptiveECE": 0.017663462087512016,
  "ClasswiseECE": 0.0006826496683061123,
  "NLL": 4.167727947235107,
  "ECEDebiased": 0.06447853524695371,
  "ECESweep": 0.016041234040647116,
  "BrierLoss": 0.42311081290245056,
  "RBS": 0.919903039932251
}