{
  "ECE": 0.016825228717780562,
  "Accuracy": 0.29860973358154297,
  "AdaptiveECE": 0.017007645219564438,
  "ClasswiseECE": 0.0006546542863361537,
  "NLL": 4.159675598144531,
  "ECEDebiased": 0.022434937874943016,
  "ECESweep": 0.01777200610207613,
  "BrierLoss": 0.4106875956058502,
  "RBS": 0.906297504901886
}