{
  "ECE": 0.007473268292882352,
  "Accuracy": 0.27043622732162476,
  "AdaptiveECE": 0.009218736551702023,
  "ClasswiseECE": 0.0007454986916854978,
  "NLL": 4.495802879333496,
  "ECEDebiased": 0.010849902469630168,
  "ECESweep": 0.00953639079508273,
  "BrierLoss": 0.4389243423938751,
  "RBS": 0.9369357824325562
}