{
  "ECE": 0.06472914749040898,
  "Accuracy": 0.267513245344162,
  "AdaptiveECE": 0.06190956011414528,
  "ClasswiseECE": 0.0007203792920336127,
  "NLL": 4.461738109588623,
  "ECEDebiased": 0.06830314095053068,
  "ECESweep": 0.06335052182247519,
  "BrierLoss": 0.43571293354034424,
  "RBS": 0.9335019588470459
}