{
  "ECE": 0.016083098353595157,
  "Accuracy": 0.28129297494888306,
  "AdaptiveECE": 0.015956684947013855,
  "ClasswiseECE": 0.0007602983969263732,
  "NLL": 4.167684078216553,
  "ECEDebiased": 0.020772136272319233,
  "ECESweep": 0.0167023306065121,
  "BrierLoss": 0.4178370535373688,
  "RBS": 0.9141521453857422
}