{
  "ECE": 0.07175800901423869,
  "Accuracy": 0.31457555294036865,
  "AdaptiveECE": 0.0721324235200882,
  "ClasswiseECE": 0.0006342224078252912,
  "NLL": 4.020493507385254,
  "ECEDebiased": 0.09592490023972729,
  "ECESweep": 0.07244877462449366,
  "BrierLoss": 0.4071977734565735,
  "RBS": 0.9024386405944824
}