{
  "ECE": 0.012475488171944753,
  "Accuracy": 0.2919532358646393,
  "AdaptiveECE": 0.0115663455799222,
  "ClasswiseECE": 0.0006319526582956314,
  "NLL": 4.260053634643555,
  "ECEDebiased": 0.012623748047165314,
  "ECESweep": 0.01197678340019907,
  "BrierLoss": 0.41742557287216187,
  "RBS": 0.9137018918991089
}