{
  "ECE": 0.2389336364496756,
  "Accuracy": 0.2530212104320526,
  "AdaptiveECE": 0.23893336951732635,
  "ClasswiseECE": 0.0010011594276875257,
  "NLL": 5.1239495277404785,
  "ECEDebiased": 0.26283528016890073,
  "ECESweep": 0.23893364561704483,
  "BrierLoss": 0.47015419602394104,
  "RBS": 0.969694972038269
}