{
  "ECE": 0.08050843782680492,
  "Accuracy": 0.2940901815891266,
  "AdaptiveECE": 0.08203467726707458,
  "ClasswiseECE": 0.0008163064485415816,
  "NLL": 4.198398113250732,
  "ECEDebiased": 0.09505584190395268,
  "ECESweep": 0.08050843707135205,
  "BrierLoss": 0.42483067512512207,
  "RBS": 0.9217707514762878
}