{
  "ECE": 0.012843801378914643,
  "Accuracy": 0.267513245344162,
  "AdaptiveECE": 0.013517464511096478,
  "ClasswiseECE": 0.0006602234207093716,
  "NLL": 4.507275581359863,
  "ECEDebiased": 0.02389839405255674,
  "ECESweep": 0.013233539359752026,
  "BrierLoss": 0.4412718117237091,
  "RBS": 0.9394379258155823
}