{
  "ECE": 0.013770458250425324,
  "Accuracy": 0.269527405500412,
  "AdaptiveECE": 0.01362958736717701,
  "ClasswiseECE": 0.0007378833834081888,
  "NLL": 4.4801130294799805,
  "ECEDebiased": 0.013790838115236766,
  "ECESweep": 0.014057954588469784,
  "BrierLoss": 0.4366970360279083,
  "RBS": 0.9345555305480957
}