{
  "ECE": 0.016813354744759115,
  "Accuracy": 0.2523089051246643,
  "AdaptiveECE": 0.016066163778305054,
  "ClasswiseECE": 0.0007804370252415538,
  "NLL": 4.4996466636657715,
  "ECEDebiased": 0.017225668460153776,
  "ECESweep": 0.015786727330004868,
  "BrierLoss": 0.42941075563430786,
  "RBS": 0.926726222038269
}