{
  "ECE": 0.07095377336994273,
  "Accuracy": 0.27161523699760437,
  "AdaptiveECE": 0.07248006016016006,
  "ClasswiseECE": 0.0007590529276058078,
  "NLL": 4.518172264099121,
  "ECEDebiased": 0.09177162726704066,
  "ECESweep": 0.0721094307461693,
  "BrierLoss": 0.4431003928184509,
  "RBS": 0.9413824081420898
}