{
  "ECE": 0.03237158212628481,
  "Accuracy": 0.3188740313053131,
  "AdaptiveECE": 0.03258112445473671,
  "ClasswiseECE": 0.0007043630466796458,
  "NLL": 4.167395114898682,
  "ECEDebiased": 0.052571392851351866,
  "ECESweep": 0.03056724091208879,
  "BrierLoss": 0.422660231590271,
  "RBS": 0.9194130897521973
}