{
  "ECE": 0.1146502291247846,
  "Accuracy": 0.2816122770309448,
  "AdaptiveECE": 0.11464995890855789,
  "ClasswiseECE": 0.0008788405102677643,
  "NLL": 4.287576198577881,
  "ECEDebiased": 0.12521677072753376,
  "ECESweep": 0.114650225745652,
  "BrierLoss": 0.425245076417923,
  "RBS": 0.9222202301025391
}