{
  "ECE": 0.10874054112410698,
  "Accuracy": 0.258965402841568,
  "AdaptiveECE": 0.10867660492658615,
  "ClasswiseECE": 0.0009328550077043474,
  "NLL": 4.56834602355957,
  "ECEDebiased": 0.11772518838403656,
  "ECESweep": 0.10752954716212416,
  "BrierLoss": 0.43394702672958374,
  "RBS": 0.9316083192825317
}