{
  "ECE": 0.06472915936774569,
  "Accuracy": 0.267513245344162,
  "AdaptiveECE": 0.06190955638885498,
  "ClasswiseECE": 0.0007203792920336127,
  "NLL": 4.461738109588623,
  "ECEDebiased": 0.06830315461225027,
  "ECESweep": 0.06335052260684315,
  "BrierLoss": 0.43571293354034424,
  "RBS": 0.9335019588470459
}