{
  "ECE": 0.021403164203860865,
  "Accuracy": 0.27525052428245544,
  "AdaptiveECE": 0.022755160927772522,
  "ClasswiseECE": 0.0006990270921960473,
  "NLL": 4.490407466888428,
  "ECEDebiased": 0.029851517387681697,
  "ECESweep": 0.022594079474822833,
  "BrierLoss": 0.4358297288417816,
  "RBS": 0.9336270689964294
}