{
  "ECE": 0.056527409728526434,
  "Accuracy": 0.27161523699760437,
  "AdaptiveECE": 0.05689124017953873,
  "ClasswiseECE": 0.000628497451543808,
  "NLL": 4.364717483520508,
  "ECEDebiased": 0.08195847566648105,
  "ECESweep": 0.05689108118956215,
  "BrierLoss": 0.426241397857666,
  "RBS": 0.9232999682426453
}