{
  "ECE": 0.03438351843264529,
  "Accuracy": 0.31457555294036865,
  "AdaptiveECE": 0.033690810203552246,
  "ClasswiseECE": 0.0006009676726534963,
  "NLL": 4.101120948791504,
  "ECEDebiased": 0.03963350627779244,
  "ECESweep": 0.032605554280159516,
  "BrierLoss": 0.4075586199760437,
  "RBS": 0.902838408946991
}