{
  "ECE": 0.11179510151188163,
  "Accuracy": 0.2542002201080322,
  "AdaptiveECE": 0.11187376827001572,
  "ClasswiseECE": 0.0009316797368228436,
  "NLL": 4.574586868286133,
  "ECEDebiased": 0.11727748353769377,
  "ECESweep": 0.1114517604958908,
  "BrierLoss": 0.43358731269836426,
  "RBS": 0.931222140789032
}