{
  "ECE": 0.11323158058229342,
  "Accuracy": 0.2842159569263458,
  "AdaptiveECE": 0.11323130130767822,
  "ClasswiseECE": 0.0007550985901616514,
  "NLL": 4.390172958374023,
  "ECEDebiased": 0.1295961998749557,
  "ECESweep": 0.11323158076658149,
  "BrierLoss": 0.42222222685813904,
  "RBS": 0.9189366102218628
}