{
  "ECE": 0.1283161663002849,
  "Accuracy": 0.2212861031293869,
  "AdaptiveECE": 0.12654928863048553,
  "ClasswiseECE": 0.0009428630582988262,
  "NLL": 4.8899149894714355,
  "ECEDebiased": 0.13630841312567546,
  "ECESweep": 0.12655012786009942,
  "BrierLoss": 0.4525281488895416,
  "RBS": 0.9513444900512695
}