{
  "ECE": 0.23894172863210145,
  "Accuracy": 0.2530212104320526,
  "AdaptiveECE": 0.23894144594669342,
  "ClasswiseECE": 0.0010011702543124557,
  "NLL": 5.127623558044434,
  "ECEDebiased": 0.2628443953410464,
  "ECESweep": 0.23894171140272533,
  "BrierLoss": 0.47015586495399475,
  "RBS": 0.9696967005729675
}