{
  "ECE": 0.08050863757820302,
  "Accuracy": 0.2940901815891266,
  "AdaptiveECE": 0.0820346474647522,
  "ClasswiseECE": 0.0008163065067492425,
  "NLL": 4.198398113250732,
  "ECEDebiased": 0.09505600616794567,
  "ECESweep": 0.08050864151285332,
  "BrierLoss": 0.42483076453208923,
  "RBS": 0.9217708706855774
}