{
  "ECE": 0.016766229768313497,
  "Accuracy": 0.3133719563484192,
  "AdaptiveECE": 0.015315288677811623,
  "ClasswiseECE": 0.0006114250863902271,
  "NLL": 4.114306449890137,
  "ECEDebiased": 0.021202032179747924,
  "ECESweep": 0.017056505640777993,
  "BrierLoss": 0.4050530195236206,
  "RBS": 0.900058925151825
}