{
  "ECE": 0.1059572228015869,
  "Accuracy": 0.2248477041721344,
  "AdaptiveECE": 0.10578232258558273,
  "ClasswiseECE": 0.0009488860960118473,
  "NLL": 4.888530731201172,
  "ECEDebiased": 0.11514121216778563,
  "ECESweep": 0.10485900591868204,
  "BrierLoss": 0.4452272355556488,
  "RBS": 0.9436389803886414
}