{
  "ECE": 0.27530817308595473,
  "Accuracy": 0.2488701045513153,
  "AdaptiveECE": 0.2753075361251831,
  "ClasswiseECE": 0.0010204673744738102,
  "NLL": 5.156993865966797,
  "ECEDebiased": 0.295053219885503,
  "ECESweep": 0.2753081668668282,
  "BrierLoss": 0.48197484016418457,
  "RBS": 0.9818093776702881
}