{
  "ECE": 0.16940544826913925,
  "Accuracy": 0.29860973358154297,
  "AdaptiveECE": 0.16940514743328094,
  "ClasswiseECE": 0.0008318180334754288,
  "NLL": 4.250418663024902,
  "ECEDebiased": 0.18465114812327327,
  "ECESweep": 0.16940544759128137,
  "BrierLoss": 0.4324144423007965,
  "RBS": 0.9299617409706116
}