{
  "ECE": 0.009802323256469757,
  "Accuracy": 0.284780889749527,
  "AdaptiveECE": 0.009496527723968029,
  "ClasswiseECE": 0.0007401175680570304,
  "NLL": 4.138271331787109,
  "ECEDebiased": 0.011790830798824373,
  "ECESweep": 0.012378213149049801,
  "BrierLoss": 0.4168992042541504,
  "RBS": 0.9131256341934204
}