{
  "ECE": 0.031819796586058935,
  "Accuracy": 0.3017537593841553,
  "AdaptiveECE": 0.031397126615047455,
  "ClasswiseECE": 0.0007033144938759506,
  "NLL": 4.200408458709717,
  "ECEDebiased": 0.03936221958562842,
  "ECESweep": 0.031127917932228966,
  "BrierLoss": 0.41954392194747925,
  "RBS": 0.9160173535346985
}