{
  "ECE": 0.05569585620453643,
  "Accuracy": 0.267513245344162,
  "AdaptiveECE": 0.054148390889167786,
  "ClasswiseECE": 0.0007038791081868112,
  "NLL": 4.463711261749268,
  "ECEDebiased": 0.05948254330729419,
  "ECESweep": 0.05417810963775314,
  "BrierLoss": 0.43533727526664734,
  "RBS": 0.9330994486808777
}