{
  "ECE": 0.13416989610442046,
  "Accuracy": 0.3372224271297455,
  "AdaptiveECE": 0.1341695934534073,
  "ClasswiseECE": 0.0007120837108232081,
  "NLL": 3.94761323928833,
  "ECEDebiased": 0.14390874776282758,
  "ECESweep": 0.13416989901414011,
  "BrierLoss": 0.4085147976875305,
  "RBS": 0.9038968682289124
}