{
  "ECE": 0.0696094958797005,
  "Accuracy": 0.267513245344162,
  "AdaptiveECE": 0.0696093738079071,
  "ClasswiseECE": 0.0006159146432764828,
  "NLL": 4.332935333251953,
  "ECEDebiased": 0.08977660118728382,
  "ECESweep": 0.06960949489009018,
  "BrierLoss": 0.4230145514011383,
  "RBS": 0.9197983741760254
}