{
  "ECE": 0.016581960696738753,
  "Accuracy": 0.2488701045513153,
  "AdaptiveECE": 0.017649978399276733,
  "ClasswiseECE": 0.0006713645998388529,
  "NLL": 4.178444862365723,
  "ECEDebiased": 0.023583324561079064,
  "ECESweep": 0.017872329117584042,
  "BrierLoss": 0.42564234137535095,
  "RBS": 0.9226508736610413
}