{
  "ECE": 0.11322887943068247,
  "Accuracy": 0.2842159569263458,
  "AdaptiveECE": 0.11322861164808273,
  "ClasswiseECE": 0.0007551325834356248,
  "NLL": 4.390150547027588,
  "ECEDebiased": 0.12960959693938495,
  "ECESweep": 0.11322888210331658,
  "BrierLoss": 0.42222025990486145,
  "RBS": 0.9189344644546509
}