{
  "ECE": 0.13586519451950627,
  "Accuracy": 0.21593141555786133,
  "AdaptiveECE": 0.13410891592502594,
  "ClasswiseECE": 0.0009434992098249495,
  "NLL": 4.8984880447387695,
  "ECEDebiased": 0.1421663497575768,
  "ECESweep": 0.13613037223545008,
  "BrierLoss": 0.45280730724334717,
  "RBS": 0.951637864112854
}