{
  "ECE": 0.14129129457229841,
  "Accuracy": 0.2863037884235382,
  "AdaptiveECE": 0.14129094779491425,
  "ClasswiseECE": 0.0007514071185141802,
  "NLL": 4.314521312713623,
  "ECEDebiased": 0.15342973496075635,
  "ECESweep": 0.1412912874638494,
  "BrierLoss": 0.426189124584198,
  "RBS": 0.9232433438301086
}