{
  "ECE": 0.011483628693532498,
  "Accuracy": 0.27161523699760437,
  "AdaptiveECE": 0.013884041458368301,
  "ClasswiseECE": 0.0006453480455093086,
  "NLL": 4.544229030609131,
  "ECEDebiased": 0.015583449907862064,
  "ECESweep": 0.012434636722349022,
  "BrierLoss": 0.4391489028930664,
  "RBS": 0.937175452709198
}