{
  "ECE": 0.07095376751170596,
  "Accuracy": 0.27161523699760437,
  "AdaptiveECE": 0.07248006761074066,
  "ClasswiseECE": 0.0007590529858134687,
  "NLL": 4.518172264099121,
  "ECEDebiased": 0.09177161021623509,
  "ECESweep": 0.07210943103129419,
  "BrierLoss": 0.44310033321380615,
  "RBS": 0.9413822889328003
}