{
  "ECE": 0.031524538894874415,
  "Accuracy": 0.2530212104320526,
  "AdaptiveECE": 0.03240814059972763,
  "ClasswiseECE": 0.0006619683117605746,
  "NLL": 4.372710704803467,
  "ECEDebiased": 0.050176342322470424,
  "ECESweep": 0.032982435197870294,
  "BrierLoss": 0.4256494641304016,
  "RBS": 0.9226586222648621
}