{
  "ECE": 0.25445706169489896,
  "Accuracy": 0.2674395740032196,
  "AdaptiveECE": 0.25444820523262024,
  "ClasswiseECE": 0.0009436528198421001,
  "NLL": 4.675976276397705,
  "ECEDebiased": 0.27034279935791783,
  "ECESweep": 0.2544570665548126,
  "BrierLoss": 0.47130638360977173,
  "RBS": 0.9708824753761292
}