{
  "ECE": 0.16940545014404587,
  "Accuracy": 0.29860973358154297,
  "AdaptiveECE": 0.16940514743328094,
  "ClasswiseECE": 0.0008318180334754288,
  "NLL": 4.250418663024902,
  "ECEDebiased": 0.18465115246152303,
  "ECESweep": 0.16940545206159313,
  "BrierLoss": 0.43241438269615173,
  "RBS": 0.9299616813659668
}