{
  "ECE": 0.022799400021050305,
  "Accuracy": 0.284780889749527,
  "AdaptiveECE": 0.022410312667489052,
  "ClasswiseECE": 0.0007682047435082495,
  "NLL": 4.147133827209473,
  "ECEDebiased": 0.03187957035850683,
  "ECESweep": 0.023421199030871857,
  "BrierLoss": 0.4183332324028015,
  "RBS": 0.9146947264671326
}