{
  "ECE": 0.11179517381098929,
  "Accuracy": 0.2542002201080322,
  "AdaptiveECE": 0.1118738129734993,
  "ClasswiseECE": 0.0009316797950305045,
  "NLL": 4.574586391448975,
  "ECEDebiased": 0.11727752593513692,
  "ECESweep": 0.11145178061128719,
  "BrierLoss": 0.43358731269836426,
  "RBS": 0.931222140789032
}