{
  "ECE": 0.22189501720866947,
  "Accuracy": 0.25257909297943115,
  "AdaptiveECE": 0.22189471125602722,
  "ClasswiseECE": 0.0009898352436721325,
  "NLL": 5.037364482879639,
  "ECEDebiased": 0.2441212130223306,
  "ECESweep": 0.22189499822087072,
  "BrierLoss": 0.46438178420066833,
  "RBS": 0.9637237787246704
}