{
  "ECE": 0.23893363507355456,
  "Accuracy": 0.2530212104320526,
  "AdaptiveECE": 0.23893333971500397,
  "ClasswiseECE": 0.0010011594276875257,
  "NLL": 5.1239495277404785,
  "ECEDebiased": 0.26283528109867216,
  "ECESweep": 0.23893364561704483,
  "BrierLoss": 0.4701542258262634,
  "RBS": 0.9696950316429138
}