{
  "ECE": 0.010878339233592455,
  "Accuracy": 0.2530212104320526,
  "AdaptiveECE": 0.010495269671082497,
  "ClasswiseECE": 0.0007659956463612616,
  "NLL": 4.4988532066345215,
  "ECEDebiased": 0.016189365126100995,
  "ECESweep": 0.010494714080709075,
  "BrierLoss": 0.43218550086021423,
  "RBS": 0.9297155737876892
}