{
  "ECE": 0.13416977405898003,
  "Accuracy": 0.3372224271297455,
  "AdaptiveECE": 0.13416945934295654,
  "ClasswiseECE": 0.0007120835362002254,
  "NLL": 3.947612762451172,
  "ECEDebiased": 0.14390862267149046,
  "ECESweep": 0.13416977057196486,
  "BrierLoss": 0.40851473808288574,
  "RBS": 0.9038968086242676
}