{
  "ECE": 0.14129125156748576,
  "Accuracy": 0.2863037884235382,
  "AdaptiveECE": 0.14129091799259186,
  "ClasswiseECE": 0.0007514070603065193,
  "NLL": 4.314520835876465,
  "ECEDebiased": 0.15342969494757638,
  "ECESweep": 0.14129125446860408,
  "BrierLoss": 0.426189124584198,
  "RBS": 0.9232433438301086
}