{
  "ECE": 0.029241222170660865,
  "Accuracy": 0.27119767665863037,
  "AdaptiveECE": 0.02865491434931755,
  "ClasswiseECE": 0.0007028856198303401,
  "NLL": 4.48825740814209,
  "ECEDebiased": 0.03376588160706761,
  "ECESweep": 0.02690900433266864,
  "BrierLoss": 0.4377624988555908,
  "RBS": 0.9356949329376221
}