{
  "ECE": 0.02891422303857955,
  "Accuracy": 0.284780889749527,
  "AdaptiveECE": 0.030817370861768723,
  "ClasswiseECE": 0.0006908830837346613,
  "NLL": 4.039154529571533,
  "ECEDebiased": 0.04546057301293066,
  "ECESweep": 0.03078010144880846,
  "BrierLoss": 0.4118511974811554,
  "RBS": 0.9075804948806763
}