{
  "ECE": 0.09074779907988133,
  "Accuracy": 0.24972979724407196,
  "AdaptiveECE": 0.09073922783136368,
  "ClasswiseECE": 0.000824629096314311,
  "NLL": 4.476633548736572,
  "ECEDebiased": 0.0957285544131257,
  "ECESweep": 0.09018268655545644,
  "BrierLoss": 0.43799978494644165,
  "RBS": 0.9359484910964966
}