{
  "ECE": 0.011800184392250048,
  "Accuracy": 0.31457555294036865,
  "AdaptiveECE": 0.01387869007885456,
  "ClasswiseECE": 0.0006377189420163631,
  "NLL": 4.073854923248291,
  "ECEDebiased": 0.01646789640289307,
  "ECESweep": 0.012470713903511486,
  "BrierLoss": 0.4055521488189697,
  "RBS": 0.9006133079528809
}