{
  "ECE": 0.01823705734253533,
  "Accuracy": 0.2735556960105896,
  "AdaptiveECE": 0.019346212968230247,
  "ClasswiseECE": 0.000661746074911207,
  "NLL": 4.4702019691467285,
  "ECEDebiased": 0.026459359980027995,
  "ECESweep": 0.018528101734464193,
  "BrierLoss": 0.43428561091423035,
  "RBS": 0.9319716691970825
}