{
  "ECE": 0.06955217193072051,
  "Accuracy": 0.267513245344162,
  "AdaptiveECE": 0.06955203413963318,
  "ClasswiseECE": 0.0006161703495308757,
  "NLL": 4.333216667175293,
  "ECEDebiased": 0.09007882714186016,
  "ECESweep": 0.06955217000704253,
  "BrierLoss": 0.4230188727378845,
  "RBS": 0.9198030829429626
}