{
  "ECE": 0.046719577956335655,
  "Accuracy": 0.29860973358154297,
  "AdaptiveECE": 0.04306566342711449,
  "ClasswiseECE": 0.0006947037181816995,
  "NLL": 4.171391487121582,
  "ECEDebiased": 0.050999319820728896,
  "ECESweep": 0.04337873750128911,
  "BrierLoss": 0.4160796105861664,
  "RBS": 0.9122276306152344
}