{
  "ECE": 0.06478567369169513,
  "Accuracy": 0.29860973358154297,
  "AdaptiveECE": 0.06478553265333176,
  "ClasswiseECE": 0.000626845401711762,
  "NLL": 4.064139366149902,
  "ECEDebiased": 0.08501440252086807,
  "ECESweep": 0.06478871160599875,
  "BrierLoss": 0.40848779678344727,
  "RBS": 0.9038670063018799
}