{
  "ECE": 0.16940543813494413,
  "Accuracy": 0.29860973358154297,
  "AdaptiveECE": 0.16940513253211975,
  "ClasswiseECE": 0.0008318180334754288,
  "NLL": 4.2504191398620605,
  "ECEDebiased": 0.1846511378757952,
  "ECESweep": 0.16940544808814537,
  "BrierLoss": 0.4324144423007965,
  "RBS": 0.9299617409706116
}