{
  "ECE": 0.022624005918956726,
  "Accuracy": 0.2530212104320526,
  "AdaptiveECE": 0.021793749183416367,
  "ClasswiseECE": 0.0007333675748668611,
  "NLL": 4.484874725341797,
  "ECEDebiased": 0.028856949386954395,
  "ECESweep": 0.02207395355082649,
  "BrierLoss": 0.4303675591945648,
  "RBS": 0.9277580976486206
}