{
  "ECE": 0.058841640270875295,
  "Accuracy": 0.29860973358154297,
  "AdaptiveECE": 0.05835670232772827,
  "ClasswiseECE": 0.0007157674408517778,
  "NLL": 4.167392730712891,
  "ECEDebiased": 0.06579632186634184,
  "ECESweep": 0.05680912828388044,
  "BrierLoss": 0.416720449924469,
  "RBS": 0.9129298329353333
}