{
  "ECE": 0.27514503865024575,
  "Accuracy": 0.2488701045513153,
  "AdaptiveECE": 0.2751423716545105,
  "ClasswiseECE": 0.0010185358114540577,
  "NLL": 5.146328926086426,
  "ECEDebiased": 0.2950135718409476,
  "ECESweep": 0.27514503436742466,
  "BrierLoss": 0.48196011781692505,
  "RBS": 0.9817944169044495
}