{
  "ECE": 0.015828673170005077,
  "Accuracy": 0.29860973358154297,
  "AdaptiveECE": 0.015908438712358475,
  "ClasswiseECE": 0.0006262220558710396,
  "NLL": 4.168931484222412,
  "ECEDebiased": 0.017791372436637597,
  "ECESweep": 0.015908170663849572,
  "BrierLoss": 0.4107329249382019,
  "RBS": 0.9063475131988525
}