{
  "ECE": 0.03028050081181805,
  "Accuracy": 0.284780889749527,
  "AdaptiveECE": 0.03168704733252525,
  "ClasswiseECE": 0.0006904706242494285,
  "NLL": 4.038855075836182,
  "ECEDebiased": 0.046511490974202985,
  "ECESweep": 0.03178419454699818,
  "BrierLoss": 0.4118953347206116,
  "RBS": 0.907629132270813
}