{
  "ECE": 0.07037919125923955,
  "Accuracy": 0.31457555294036865,
  "AdaptiveECE": 0.07011383771896362,
  "ClasswiseECE": 0.0006532692350447178,
  "NLL": 4.231595039367676,
  "ECEDebiased": 0.0839094706680902,
  "ECESweep": 0.05710488588267913,
  "BrierLoss": 0.42274025082588196,
  "RBS": 0.9195001125335693
}