{
  "ECE": 0.0709537755103925,
  "Accuracy": 0.27161523699760437,
  "AdaptiveECE": 0.07248006016016006,
  "ClasswiseECE": 0.0007590530440211296,
  "NLL": 4.518171787261963,
  "ECEDebiased": 0.09177162282308425,
  "ECESweep": 0.07210943189252508,
  "BrierLoss": 0.44310033321380615,
  "RBS": 0.9413822889328003
}