{
  "ECE": 0.03016328289032445,
  "Accuracy": 0.2530212104320526,
  "AdaptiveECE": 0.031061295419931412,
  "ClasswiseECE": 0.0006634395685978234,
  "NLL": 4.369578838348389,
  "ECEDebiased": 0.04907199769938268,
  "ECESweep": 0.031408699967083675,
  "BrierLoss": 0.4254838824272156,
  "RBS": 0.9224791526794434
}