{
  "ECE": 0.05569591679778494,
  "Accuracy": 0.267513245344162,
  "AdaptiveECE": 0.054148443043231964,
  "ClasswiseECE": 0.000703879224602133,
  "NLL": 4.463711261749268,
  "ECEDebiased": 0.05948257211799019,
  "ECESweep": 0.05417813239137827,
  "BrierLoss": 0.43533727526664734,
  "RBS": 0.9330994486808777
}