{
  "ECE": 0.10874053801079207,
  "Accuracy": 0.258965402841568,
  "AdaptiveECE": 0.10867660492658615,
  "ClasswiseECE": 0.0009328550659120083,
  "NLL": 4.56834602355957,
  "ECEDebiased": 0.11772518489439672,
  "ECESweep": 0.10752954343683384,
  "BrierLoss": 0.43394702672958374,
  "RBS": 0.9316083192825317
}