{
  "ECE": 0.141291895744772,
  "Accuracy": 0.2863037884235382,
  "AdaptiveECE": 0.141291543841362,
  "ClasswiseECE": 0.0007514312746934593,
  "NLL": 4.314526081085205,
  "ECEDebiased": 0.1534310111543094,
  "ECESweep": 0.14129188935508288,
  "BrierLoss": 0.4261893033981323,
  "RBS": 0.923243522644043
}