{
  "ECE": 0.02405652158016492,
  "Accuracy": 0.31457555294036865,
  "AdaptiveECE": 0.023820530623197556,
  "ClasswiseECE": 0.0006891093798913062,
  "NLL": 4.177668571472168,
  "ECEDebiased": 0.07560055789091222,
  "ECESweep": 0.021487705446219724,
  "BrierLoss": 0.4261031448841095,
  "RBS": 0.9231501817703247
}