{
  "ECE": 0.016196873747335735,
  "Accuracy": 0.267513245344162,
  "AdaptiveECE": 0.015931084752082825,
  "ClasswiseECE": 0.0006215450121089816,
  "NLL": 4.413276672363281,
  "ECEDebiased": 0.01941756024405287,
  "ECESweep": 0.015750090455360768,
  "BrierLoss": 0.4235870838165283,
  "RBS": 0.9204206466674805
}