{
  "ECE": 0.14291918958874197,
  "Accuracy": 0.28539496660232544,
  "AdaptiveECE": 0.14277787506580353,
  "ClasswiseECE": 0.0007502979715354741,
  "NLL": 4.278177738189697,
  "ECEDebiased": 0.15944478445512542,
  "ECESweep": 0.14277805367184193,
  "BrierLoss": 0.4258081614971161,
  "RBS": 0.9228305816650391
}