{
  "ECE": 0.14294007978400067,
  "Accuracy": 0.28539496660232544,
  "AdaptiveECE": 0.1427987962961197,
  "ClasswiseECE": 0.000750345760025084,
  "NLL": 4.278207778930664,
  "ECEDebiased": 0.15948662232445326,
  "ECESweep": 0.14279897473013148,
  "BrierLoss": 0.42581453919410706,
  "RBS": 0.922837495803833
}