{
  "ECE": 0.011483683639002304,
  "Accuracy": 0.27161523699760437,
  "AdaptiveECE": 0.013883911073207855,
  "ClasswiseECE": 0.0006453476380556822,
  "NLL": 4.544229030609131,
  "ECEDebiased": 0.015583297360992574,
  "ECESweep": 0.01243445766062323,
  "BrierLoss": 0.4391489028930664,
  "RBS": 0.937175452709198
}