{
  "ECE": 0.1283161629655315,
  "Accuracy": 0.2212861031293869,
  "AdaptiveECE": 0.12654931843280792,
  "ClasswiseECE": 0.0009428630582988262,
  "NLL": 4.889914512634277,
  "ECEDebiased": 0.13630840999722688,
  "ECESweep": 0.12655013005160812,
  "BrierLoss": 0.4525281488895416,
  "RBS": 0.9513444900512695
}