{
  "ECE": 0.03165430897738111,
  "Accuracy": 0.30136075615882874,
  "AdaptiveECE": 0.03274823725223541,
  "ClasswiseECE": 0.0007035019807517529,
  "NLL": 4.20358943939209,
  "ECEDebiased": 0.039700446005183965,
  "ECESweep": 0.03209425940405813,
  "BrierLoss": 0.41988953948020935,
  "RBS": 0.9163945913314819
}