{
  "ECE": 0.030349097760732052,
  "Accuracy": 0.2530212104320526,
  "AdaptiveECE": 0.03119281679391861,
  "ClasswiseECE": 0.0006630983552895486,
  "NLL": 4.370647430419922,
  "ECEDebiased": 0.048875068756861685,
  "ECESweep": 0.031913495479646815,
  "BrierLoss": 0.4255656898021698,
  "RBS": 0.9225678443908691
}