{
  "ECE": 0.12831616289928297,
  "Accuracy": 0.2212861031293869,
  "AdaptiveECE": 0.12654930353164673,
  "ClasswiseECE": 0.0009428630582988262,
  "NLL": 4.8899149894714355,
  "ECEDebiased": 0.13630841526450557,
  "ECESweep": 0.1265501296133064,
  "BrierLoss": 0.4525281488895416,
  "RBS": 0.9513444900512695
}