{
  "ECE": 0.014861810868607796,
  "Accuracy": 0.2851738929748535,
  "AdaptiveECE": 0.015132329426705837,
  "ClasswiseECE": 0.0007584791746921837,
  "NLL": 4.1687445640563965,
  "ECEDebiased": 0.018934636282628058,
  "ECESweep": 0.0157133131575313,
  "BrierLoss": 0.4161597788333893,
  "RBS": 0.9123154878616333
}