{
  "ECE": 0.01475587138537545,
  "Accuracy": 0.27161523699760437,
  "AdaptiveECE": 0.013721047900617123,
  "ClasswiseECE": 0.0007361759198829532,
  "NLL": 4.5416178703308105,
  "ECEDebiased": 0.019368250946457576,
  "ECESweep": 0.014409150090910412,
  "BrierLoss": 0.44470301270484924,
  "RBS": 0.9430832266807556
}