{
  "ECE": 0.03181269228955086,
  "Accuracy": 0.30128708481788635,
  "AdaptiveECE": 0.032720573246479034,
  "ClasswiseECE": 0.0007036618771962821,
  "NLL": 4.202609062194824,
  "ECEDebiased": 0.0398167664374354,
  "ECESweep": 0.03216883249666508,
  "BrierLoss": 0.41988271474838257,
  "RBS": 0.916387140750885
}