{
  "ECE": 0.012940498439517877,
  "Accuracy": 0.29860973358154297,
  "AdaptiveECE": 0.010548935271799564,
  "ClasswiseECE": 0.0006620067288167775,
  "NLL": 4.157794952392578,
  "ECEDebiased": 0.01269404115792181,
  "ECESweep": 0.011128302754702162,
  "BrierLoss": 0.4102276563644409,
  "RBS": 0.9057899117469788
}