{
  "ECE": 0.007656051404609482,
  "Accuracy": 0.29860973358154297,
  "AdaptiveECE": 0.00666416808962822,
  "ClasswiseECE": 0.000655166048090905,
  "NLL": 4.166916370391846,
  "ECEDebiased": 0.003761645874852509,
  "ECESweep": 0.009003456297469094,
  "BrierLoss": 0.4106525778770447,
  "RBS": 0.9062588810920715
}