{
  "ECE": 0.1358651688794949,
  "Accuracy": 0.21593141555786133,
  "AdaptiveECE": 0.1341090202331543,
  "ClasswiseECE": 0.0009434992680326104,
  "NLL": 4.8984880447387695,
  "ECEDebiased": 0.1421663732767114,
  "ECESweep": 0.13613044741618585,
  "BrierLoss": 0.45280733704566956,
  "RBS": 0.951637864112854
}