{
  "ECE": 0.01100225757721846,
  "Accuracy": 0.2840685546398163,
  "AdaptiveECE": 0.010432022623717785,
  "ClasswiseECE": 0.0008011670433916152,
  "NLL": 4.182201862335205,
  "ECEDebiased": 0.010313129177056507,
  "ECESweep": 0.010914299637536757,
  "BrierLoss": 0.4189841151237488,
  "RBS": 0.9154060482978821
}