{
  "ECE": 0.06545738075347607,
  "Accuracy": 0.31457555294036865,
  "AdaptiveECE": 0.06456165760755539,
  "ClasswiseECE": 0.00072537234518677,
  "NLL": 4.158652305603027,
  "ECEDebiased": 0.09111745313278218,
  "ECESweep": 0.05582515666534728,
  "BrierLoss": 0.4236454367637634,
  "RBS": 0.9204840660095215
}