{
  "ECE": 0.16940543964237273,
  "Accuracy": 0.29860973358154297,
  "AdaptiveECE": 0.16940513253211975,
  "ClasswiseECE": 0.0008318180334754288,
  "NLL": 4.2504191398620605,
  "ECEDebiased": 0.18465113895475596,
  "ECESweep": 0.16940545206159313,
  "BrierLoss": 0.4324144423007965,
  "RBS": 0.9299617409706116
}