{
  "ECE": 0.05663348577889537,
  "Accuracy": 0.27161523699760437,
  "AdaptiveECE": 0.05684313923120499,
  "ClasswiseECE": 0.0006291686440818012,
  "NLL": 4.362897872924805,
  "ECEDebiased": 0.08187525271291858,
  "ECESweep": 0.05684297165001099,
  "BrierLoss": 0.42607876658439636,
  "RBS": 0.9231237769126892
}