{
  "ECE": 0.2753073193687755,
  "Accuracy": 0.2488701045513153,
  "AdaptiveECE": 0.27530673146247864,
  "ClasswiseECE": 0.00102046609390527,
  "NLL": 5.1542534828186035,
  "ECEDebiased": 0.29505235598354135,
  "ECESweep": 0.275307315795747,
  "BrierLoss": 0.48197463154792786,
  "RBS": 0.9818091988563538
}