{
  "ECE": 0.018254804154457207,
  "Accuracy": 0.2988799214363098,
  "AdaptiveECE": 0.018849432468414307,
  "ClasswiseECE": 0.0006338278180919588,
  "NLL": 4.182789325714111,
  "ECEDebiased": 0.03219941083914877,
  "ECESweep": 0.019009791002757986,
  "BrierLoss": 0.41097399592399597,
  "RBS": 0.9066134691238403
}