{
  "ECE": 0.008322526168701865,
  "Accuracy": 0.29860973358154297,
  "AdaptiveECE": 0.009315690025687218,
  "ClasswiseECE": 0.0007334881229326129,
  "NLL": 4.271136283874512,
  "ECEDebiased": 0.006696112817781286,
  "ECESweep": 0.009643647916476646,
  "BrierLoss": 0.43425169587135315,
  "RBS": 0.9319353103637695
}