{
  "ECE": 0.01712160275714305,
  "Accuracy": 0.2768716812133789,
  "AdaptiveECE": 0.017703255638480186,
  "ClasswiseECE": 0.0006961042527109385,
  "NLL": 4.471954345703125,
  "ECEDebiased": 0.023265604740916348,
  "ECESweep": 0.017508065528943653,
  "BrierLoss": 0.4334571957588196,
  "RBS": 0.9310823678970337
}