{
  "ECE": 0.24651778582648237,
  "Accuracy": 0.284780889749527,
  "AdaptiveECE": 0.2465173900127411,
  "ClasswiseECE": 0.0009847157634794712,
  "NLL": 4.804103851318359,
  "ECEDebiased": 0.2677828102429846,
  "ECESweep": 0.24651778017266443,
  "BrierLoss": 0.45950964093208313,
  "RBS": 0.9586549401283264
}