{
  "ECE": 0.0703590570274271,
  "Accuracy": 0.31457555294036865,
  "AdaptiveECE": 0.07011333107948303,
  "ClasswiseECE": 0.000653271097689867,
  "NLL": 4.231590270996094,
  "ECEDebiased": 0.08388556004817076,
  "ECESweep": 0.05710402587280451,
  "BrierLoss": 0.42274025082588196,
  "RBS": 0.9195001125335693
}