{
  "ECE": 0.23894173426011545,
  "Accuracy": 0.2530212104320526,
  "AdaptiveECE": 0.23894143104553223,
  "ClasswiseECE": 0.0010011702543124557,
  "NLL": 5.127623558044434,
  "ECEDebiased": 0.2628444014008638,
  "ECESweep": 0.23894171140272533,
  "BrierLoss": 0.47015586495399475,
  "RBS": 0.9696967005729675
}