{
  "ECE": 0.06472915317478911,
  "Accuracy": 0.267513245344162,
  "AdaptiveECE": 0.06190956383943558,
  "ClasswiseECE": 0.0007203792920336127,
  "NLL": 4.461738109588623,
  "ECEDebiased": 0.068303147918484,
  "ECESweep": 0.06335052260684315,
  "BrierLoss": 0.43571293354034424,
  "RBS": 0.9335019588470459
}