{
  "ECE": 0.2463792612112577,
  "Accuracy": 0.31457555294036865,
  "AdaptiveECE": 0.2463788539171219,
  "ClasswiseECE": 0.0009114996646530926,
  "NLL": 4.376198768615723,
  "ECEDebiased": 0.2630395531002442,
  "ECESweep": 0.24637926897112009,
  "BrierLoss": 0.45407721400260925,
  "RBS": 0.952971339225769
}