{
  "ECE": 0.031732954869698675,
  "Accuracy": 0.30170464515686035,
  "AdaptiveECE": 0.03242064639925957,
  "ClasswiseECE": 0.0007032380672171712,
  "NLL": 4.199795246124268,
  "ECEDebiased": 0.03982311326048705,
  "ECESweep": 0.031919814364596295,
  "BrierLoss": 0.41970035433769226,
  "RBS": 0.91618812084198
}