{
  "ECE": 0.015809656691269526,
  "Accuracy": 0.2488701045513153,
  "AdaptiveECE": 0.01753876730799675,
  "ClasswiseECE": 0.0006729117594659328,
  "NLL": 4.178300857543945,
  "ECEDebiased": 0.022897531170730897,
  "ECESweep": 0.01753578028457445,
  "BrierLoss": 0.42563050985336304,
  "RBS": 0.9226380586624146
}