{
  "ECE": 0.009844983468924024,
  "Accuracy": 0.284780889749527,
  "AdaptiveECE": 0.009496577084064484,
  "ClasswiseECE": 0.0007401161710731685,
  "NLL": 4.138272285461426,
  "ECEDebiased": 0.011824670547698458,
  "ECESweep": 0.012378249420943815,
  "BrierLoss": 0.4168992042541504,
  "RBS": 0.9131256341934204
}