{
  "ECE": 0.014218714417431097,
  "Accuracy": 0.2488701045513153,
  "AdaptiveECE": 0.013076077215373516,
  "ClasswiseECE": 0.0007253219373524189,
  "NLL": 4.261162281036377,
  "ECEDebiased": 0.019336641692669736,
  "ECESweep": 0.014757036025255058,
  "BrierLoss": 0.4296441078186035,
  "RBS": 0.9269779920578003
}