{
  "ECE": 0.033329735606495936,
  "Accuracy": 0.31830909848213196,
  "AdaptiveECE": 0.03297986090183258,
  "ClasswiseECE": 0.0007050587446428835,
  "NLL": 4.168056488037109,
  "ECEDebiased": 0.05267769876686936,
  "ECESweep": 0.03320395662915053,
  "BrierLoss": 0.42278337478637695,
  "RBS": 0.9195470213890076
}