{
  "ECE": 0.008258827115024944,
  "Accuracy": 0.2488701045513153,
  "AdaptiveECE": 0.00920447614043951,
  "ClasswiseECE": 0.0007273971568793058,
  "NLL": 4.278117656707764,
  "ECEDebiased": 0.011651036243042038,
  "ECESweep": 0.009101482966355143,
  "BrierLoss": 0.43168485164642334,
  "RBS": 0.9291768670082092
}