{
  "ECE": 0.009881221368106577,
  "Accuracy": 0.2488701045513153,
  "AdaptiveECE": 0.009385433979332447,
  "ClasswiseECE": 0.0007309309439733624,
  "NLL": 4.259693622589111,
  "ECEDebiased": 0.008927704403469416,
  "ECESweep": 0.009859573441599863,
  "BrierLoss": 0.4294062554836273,
  "RBS": 0.9267213940620422
}