{
  "ECE": 0.07037935500291423,
  "Accuracy": 0.31457555294036865,
  "AdaptiveECE": 0.07011399418115616,
  "ClasswiseECE": 0.0006532684783451259,
  "NLL": 4.23159646987915,
  "ECEDebiased": 0.08390987884124329,
  "ECESweep": 0.05710517858405973,
  "BrierLoss": 0.42274025082588196,
  "RBS": 0.9195001125335693
}