{
  "ECE": 0.01625432609145816,
  "Accuracy": 0.2488701045513153,
  "AdaptiveECE": 0.0172734335064888,
  "ClasswiseECE": 0.0006711240275762975,
  "NLL": 4.178597927093506,
  "ECEDebiased": 0.023195141013861727,
  "ECESweep": 0.017926055991031718,
  "BrierLoss": 0.4256632328033447,
  "RBS": 0.9226735234260559
}