{
  "ECE": 0.24631907063675249,
  "Accuracy": 0.31457555294036865,
  "AdaptiveECE": 0.24629651010036469,
  "ClasswiseECE": 0.0009101979667320848,
  "NLL": 4.377281188964844,
  "ECEDebiased": 0.2630335889272651,
  "ECESweep": 0.24627396060231802,
  "BrierLoss": 0.45408129692077637,
  "RBS": 0.9529756307601929
}