{
  "ECE": 0.011212116869477243,
  "Accuracy": 0.267513245344162,
  "AdaptiveECE": 0.011470349505543709,
  "ClasswiseECE": 0.0007242813589982688,
  "NLL": 4.554233551025391,
  "ECEDebiased": 0.014874061554464489,
  "ECESweep": 0.012049201818094851,
  "BrierLoss": 0.45065948367118835,
  "RBS": 0.9493781924247742
}