{
  "ECE": 0.11321964135785502,
  "Accuracy": 0.2842159569263458,
  "AdaptiveECE": 0.11321938782930374,
  "ClasswiseECE": 0.0007550253067165613,
  "NLL": 4.390096664428711,
  "ECEDebiased": 0.12960229070154528,
  "ECESweep": 0.11321963356898601,
  "BrierLoss": 0.42221686244010925,
  "RBS": 0.9189307689666748
}