{
  "ECE": 0.0840976965188355,
  "Accuracy": 0.24611906707286835,
  "AdaptiveECE": 0.08402122557163239,
  "ClasswiseECE": 0.0008312818827107549,
  "NLL": 4.496661186218262,
  "ECEDebiased": 0.08964891325459087,
  "ECESweep": 0.08402140769506514,
  "BrierLoss": 0.4394925534725189,
  "RBS": 0.9375420808792114
}