{
  "ECE": 0.0467195642368506,
  "Accuracy": 0.29860973358154297,
  "AdaptiveECE": 0.043065644800662994,
  "ClasswiseECE": 0.0006947037181816995,
  "NLL": 4.171391487121582,
  "ECEDebiased": 0.05099931999193433,
  "ECESweep": 0.04337873118974402,
  "BrierLoss": 0.4160796105861664,
  "RBS": 0.9122276306152344
}