{
  "ECE": 0.009465203155655657,
  "Accuracy": 0.24619275331497192,
  "AdaptiveECE": 0.010287449695169926,
  "ClasswiseECE": 0.000743368174880743,
  "NLL": 4.331377983093262,
  "ECEDebiased": 0.010642819871363042,
  "ECESweep": 0.010405368746777511,
  "BrierLoss": 0.43091917037963867,
  "RBS": 0.9283524751663208
}