{
  "ECE": 0.058841584285376766,
  "Accuracy": 0.29860973358154297,
  "AdaptiveECE": 0.0583566352725029,
  "ClasswiseECE": 0.000715767324436456,
  "NLL": 4.167392730712891,
  "ECEDebiased": 0.06579626054214277,
  "ECESweep": 0.0568090589337474,
  "BrierLoss": 0.416720449924469,
  "RBS": 0.9129298329353333
}