{
  "ECE": 0.018961901887394834,
  "Accuracy": 0.2667272388935089,
  "AdaptiveECE": 0.01938776858150959,
  "ClasswiseECE": 0.0006123210769146681,
  "NLL": 4.436182022094727,
  "ECEDebiased": 0.030367410705664722,
  "ECESweep": 0.01938804159357984,
  "BrierLoss": 0.4233703315258026,
  "RBS": 0.9201851487159729
}