{
  "ECE": 0.10595721739720745,
  "Accuracy": 0.2248477041721344,
  "AdaptiveECE": 0.10578232258558273,
  "ClasswiseECE": 0.0009488860960118473,
  "NLL": 4.88853120803833,
  "ECEDebiased": 0.11514120655918812,
  "ECESweep": 0.10485900591795001,
  "BrierLoss": 0.4452272951602936,
  "RBS": 0.9436390399932861
}