{
  "ECE": 0.009334611230526002,
  "Accuracy": 0.284780889749527,
  "AdaptiveECE": 0.00920848734676838,
  "ClasswiseECE": 0.0007793637341819704,
  "NLL": 4.16226863861084,
  "ECEDebiased": 0.010257602995162617,
  "ECESweep": 0.009493790563352606,
  "BrierLoss": 0.42128247022628784,
  "RBS": 0.9179133772850037
}