{
  "ECE": 0.014365662457459849,
  "Accuracy": 0.29860973358154297,
  "AdaptiveECE": 0.013777291402220726,
  "ClasswiseECE": 0.0006755260401405394,
  "NLL": 4.2177042961120605,
  "ECEDebiased": 0.017919179657908638,
  "ECESweep": 0.013821114732439715,
  "BrierLoss": 0.42467164993286133,
  "RBS": 0.9215982556343079
}