{
  "ECE": 0.013770462559690928,
  "Accuracy": 0.269527405500412,
  "AdaptiveECE": 0.01362958736717701,
  "ClasswiseECE": 0.0007378833834081888,
  "NLL": 4.4801130294799805,
  "ECEDebiased": 0.013790838497888279,
  "ECESweep": 0.01405794979881083,
  "BrierLoss": 0.43669700622558594,
  "RBS": 0.9345555305480957
}