{
  "ECE": 0.014703436028746695,
  "Accuracy": 0.29860973358154297,
  "AdaptiveECE": 0.013614267110824585,
  "ClasswiseECE": 0.0006739049567840993,
  "NLL": 4.221984386444092,
  "ECEDebiased": 0.018376445585057744,
  "ECESweep": 0.013745627860765771,
  "BrierLoss": 0.42500394582748413,
  "RBS": 0.9219587445259094
}