{
  "ECE": 0.2753081670238482,
  "Accuracy": 0.2488701045513153,
  "AdaptiveECE": 0.2753075659275055,
  "ClasswiseECE": 0.0010204673744738102,
  "NLL": 5.156993865966797,
  "ECEDebiased": 0.29505321032599463,
  "ECESweep": 0.275308165003817,
  "BrierLoss": 0.48197484016418457,
  "RBS": 0.9818093776702881
}