{
  "ECE": 0.014108828532109267,
  "Accuracy": 0.27161523699760437,
  "AdaptiveECE": 0.013616107404232025,
  "ClasswiseECE": 0.0006719722878187895,
  "NLL": 4.418262481689453,
  "ECEDebiased": 0.016900894086430918,
  "ECESweep": 0.013794023453556832,
  "BrierLoss": 0.4263627827167511,
  "RBS": 0.923431396484375
}