{
  "ECE": 0.018458524188892406,
  "Accuracy": 0.2530212104320526,
  "AdaptiveECE": 0.018636908382177353,
  "ClasswiseECE": 0.0007549159927293658,
  "NLL": 4.494351387023926,
  "ECEDebiased": 0.02899305277769447,
  "ECESweep": 0.01873059987683837,
  "BrierLoss": 0.43151214718818665,
  "RBS": 0.9289910197257996
}