{
  "ECE": 0.07095376755617665,
  "Accuracy": 0.27161523699760437,
  "AdaptiveECE": 0.07248006016016006,
  "ClasswiseECE": 0.0007590529276058078,
  "NLL": 4.518172264099121,
  "ECEDebiased": 0.09177161708915839,
  "ECESweep": 0.0721094344688975,
  "BrierLoss": 0.44310033321380615,
  "RBS": 0.9413822889328003
}