{
  "ECE": 0.0840976969115685,
  "Accuracy": 0.24611906707286835,
  "AdaptiveECE": 0.08402130007743835,
  "ClasswiseECE": 0.0008312819409184158,
  "NLL": 4.4966607093811035,
  "ECEDebiased": 0.08964897449109138,
  "ECESweep": 0.08402149767740628,
  "BrierLoss": 0.4394925534725189,
  "RBS": 0.9375420808792114
}