{
  "ECE": 0.014218719115861065,
  "Accuracy": 0.2488701045513153,
  "AdaptiveECE": 0.013076073490083218,
  "ClasswiseECE": 0.0007253219373524189,
  "NLL": 4.261162281036377,
  "ECEDebiased": 0.01933664587561293,
  "ECESweep": 0.014757036025255058,
  "BrierLoss": 0.4296441674232483,
  "RBS": 0.9269780516624451
}