{
  "ECE": 0.2218950170942901,
  "Accuracy": 0.25257909297943115,
  "AdaptiveECE": 0.22189472615718842,
  "ClasswiseECE": 0.0009898352436721325,
  "NLL": 5.037364482879639,
  "ECEDebiased": 0.24412121300538633,
  "ECESweep": 0.22189499822087072,
  "BrierLoss": 0.4643818438053131,
  "RBS": 0.9637238383293152
}