{
  "ECE": 0.054203302525280356,
  "Accuracy": 0.28812143206596375,
  "AdaptiveECE": 0.05301282927393913,
  "ClasswiseECE": 0.0007666551973670721,
  "NLL": 4.147463798522949,
  "ECEDebiased": 0.057774971815683744,
  "ECESweep": 0.055054752271798846,
  "BrierLoss": 0.41519516706466675,
  "RBS": 0.9112575650215149
}