{
  "ECE": 0.055695894237415194,
  "Accuracy": 0.267513245344162,
  "AdaptiveECE": 0.05414842814207077,
  "ClasswiseECE": 0.0007038791663944721,
  "NLL": 4.463711261749268,
  "ECEDebiased": 0.05948255562561306,
  "ECESweep": 0.05417812549164872,
  "BrierLoss": 0.43533727526664734,
  "RBS": 0.9330994486808777
}