{
  "ECE": 0.2463792747250429,
  "Accuracy": 0.31457555294036865,
  "AdaptiveECE": 0.24637888371944427,
  "ClasswiseECE": 0.0009114996646530926,
  "NLL": 4.376198768615723,
  "ECEDebiased": 0.2630395697670669,
  "ECESweep": 0.24637926897112009,
  "BrierLoss": 0.45407718420028687,
  "RBS": 0.952971339225769
}