{
  "ECE": 0.23386547552135462,
  "Accuracy": 0.24675770103931427,
  "AdaptiveECE": 0.2338651567697525,
  "ClasswiseECE": 0.0009798918617889285,
  "NLL": 4.898407459259033,
  "ECEDebiased": 0.2510907022225861,
  "ECESweep": 0.23386548238182925,
  "BrierLoss": 0.46856096386909485,
  "RBS": 0.9680505990982056
}