{
  "ECE": 0.1059572249956577,
  "Accuracy": 0.2248477041721344,
  "AdaptiveECE": 0.10578231513500214,
  "ClasswiseECE": 0.0009488860960118473,
  "NLL": 4.888530731201172,
  "ECEDebiased": 0.1151412161958567,
  "ECESweep": 0.10485900388693843,
  "BrierLoss": 0.4452272355556488,
  "RBS": 0.9436389803886414
}