{
  "ECE": 0.2218949959693357,
  "Accuracy": 0.25257909297943115,
  "AdaptiveECE": 0.2218947410583496,
  "ClasswiseECE": 0.0009898352436721325,
  "NLL": 5.037364482879639,
  "ECEDebiased": 0.2441211848947971,
  "ECESweep": 0.22189499904879434,
  "BrierLoss": 0.46438178420066833,
  "RBS": 0.9637237787246704
}