{
  "ECE": 0.007922223433951022,
  "Accuracy": 0.2530212104320526,
  "AdaptiveECE": 0.006058664061129093,
  "ClasswiseECE": 0.0007084604585543275,
  "NLL": 4.488275527954102,
  "ECEDebiased": 0.010554670994439169,
  "ECESweep": 0.007391534298286866,
  "BrierLoss": 0.429918110370636,
  "RBS": 0.9272735118865967
}