{
  "ECE": 0.011483608503011765,
  "Accuracy": 0.27161523699760437,
  "AdaptiveECE": 0.013884085230529308,
  "ClasswiseECE": 0.0006453481037169695,
  "NLL": 4.544229030609131,
  "ECEDebiased": 0.01558348686665126,
  "ECESweep": 0.01243468227535105,
  "BrierLoss": 0.4391489028930664,
  "RBS": 0.937175452709198
}