{
  "ECE": 0.010084420225626394,
  "Accuracy": 0.267513245344162,
  "AdaptiveECE": 0.01181645505130291,
  "ClasswiseECE": 0.0006591834244318306,
  "NLL": 4.50025749206543,
  "ECEDebiased": 0.02366942135674977,
  "ECESweep": 0.01181397133953921,
  "BrierLoss": 0.4400768578052521,
  "RBS": 0.9381650686264038
}