{
  "ECE": 0.029858887831719458,
  "Accuracy": 0.284780889749527,
  "AdaptiveECE": 0.031012024730443954,
  "ClasswiseECE": 0.0006890994845889509,
  "NLL": 4.0407233238220215,
  "ECEDebiased": 0.046296352933334145,
  "ECESweep": 0.03088303594138106,
  "BrierLoss": 0.4119635224342346,
  "RBS": 0.9077042937278748
}