{
  "ECE": 0.019219113271160056,
  "Accuracy": 0.2831106185913086,
  "AdaptiveECE": 0.020782848820090294,
  "ClasswiseECE": 0.0007643441203981638,
  "NLL": 4.174078464508057,
  "ECEDebiased": 0.02699546737194024,
  "ECESweep": 0.02003980253757768,
  "BrierLoss": 0.4181932508945465,
  "RBS": 0.9145416617393494
}