{
  "ECE": 0.014745592061883344,
  "Accuracy": 0.27161523699760437,
  "AdaptiveECE": 0.014124416746199131,
  "ClasswiseECE": 0.0007338234572671354,
  "NLL": 4.53408670425415,
  "ECEDebiased": 0.019432588700798944,
  "ECESweep": 0.015540499486395893,
  "BrierLoss": 0.44421133399009705,
  "RBS": 0.9425617456436157
}