{
  "ECE": 0.1092404153830842,
  "Accuracy": 0.2204509675502777,
  "AdaptiveECE": 0.1090497374534607,
  "ClasswiseECE": 0.000950097106397152,
  "NLL": 4.897750377655029,
  "ECEDebiased": 0.1169222497171012,
  "ECESweep": 0.1090500393727204,
  "BrierLoss": 0.44561833143234253,
  "RBS": 0.9440532922744751
}