{
  "ECE": 0.06902328986871462,
  "Accuracy": 0.267513245344162,
  "AdaptiveECE": 0.06902316957712173,
  "ClasswiseECE": 0.0006169976550154388,
  "NLL": 4.329921722412109,
  "ECEDebiased": 0.08816319605571732,
  "ECESweep": 0.06902328697985777,
  "BrierLoss": 0.4225219786167145,
  "RBS": 0.919262707233429
}