{
  "ECE": 0.14126549026308266,
  "Accuracy": 0.28632834553718567,
  "AdaptiveECE": 0.1412651389837265,
  "ClasswiseECE": 0.0007514047320000827,
  "NLL": 4.31451416015625,
  "ECEDebiased": 0.153418885871561,
  "ECESweep": 0.1412655013118552,
  "BrierLoss": 0.4261888265609741,
  "RBS": 0.92324298620224
}