{
  "ECE": 0.01920730412205124,
  "Accuracy": 0.2523089051246643,
  "AdaptiveECE": 0.020381974056363106,
  "ClasswiseECE": 0.0007885854574851692,
  "NLL": 4.505692005157471,
  "ECEDebiased": 0.019367888120642555,
  "ECESweep": 0.01948715769351816,
  "BrierLoss": 0.42970937490463257,
  "RBS": 0.92704838514328
}