{
  "ECE": 0.016363502235043303,
  "Accuracy": 0.284780889749527,
  "AdaptiveECE": 0.014949493110179901,
  "ClasswiseECE": 0.000755236716940999,
  "NLL": 4.137363433837891,
  "ECEDebiased": 0.02044142346486647,
  "ECESweep": 0.015030468065622157,
  "BrierLoss": 0.41702359914779663,
  "RBS": 0.9132618308067322
}