{
  "ECE": 0.08050853823066215,
  "Accuracy": 0.2940901815891266,
  "AdaptiveECE": 0.08203484117984772,
  "ClasswiseECE": 0.0008163065067492425,
  "NLL": 4.198398113250732,
  "ECEDebiased": 0.09505598673762164,
  "ECESweep": 0.08050852892622073,
  "BrierLoss": 0.42483076453208923,
  "RBS": 0.9217708706855774
}