{
  "ECE": 0.08075148225658553,
  "Accuracy": 0.3232707679271698,
  "AdaptiveECE": 0.08073140680789948,
  "ClasswiseECE": 0.0006733140326105058,
  "NLL": 3.9476587772369385,
  "ECEDebiased": 0.092450112853726,
  "ECESweep": 0.08088702617162254,
  "BrierLoss": 0.3998299837112427,
  "RBS": 0.8942371010780334
}