{
  "ECE": 0.010690303761852437,
  "Accuracy": 0.246143639087677,
  "AdaptiveECE": 0.01218810398131609,
  "ClasswiseECE": 0.0007414891733787954,
  "NLL": 4.318669319152832,
  "ECEDebiased": 0.010691682950710617,
  "ECESweep": 0.010690270213880219,
  "BrierLoss": 0.4311119318008423,
  "RBS": 0.9285600781440735
}