{
  "ECE": 0.24651779469170698,
  "Accuracy": 0.284780889749527,
  "AdaptiveECE": 0.2465173900127411,
  "ClasswiseECE": 0.0009846962057054043,
  "NLL": 4.804104328155518,
  "ECEDebiased": 0.26778078913824005,
  "ECESweep": 0.24651778017266443,
  "BrierLoss": 0.45950958132743835,
  "RBS": 0.9586548805236816
}