{
  "ECE": 0.016063420867335466,
  "Accuracy": 0.2488701045513153,
  "AdaptiveECE": 0.01727868989109993,
  "ClasswiseECE": 0.0006735218921676278,
  "NLL": 4.178593635559082,
  "ECEDebiased": 0.023283936733601466,
  "ECESweep": 0.016818088517863046,
  "BrierLoss": 0.4256792366504669,
  "RBS": 0.9226908683776855
}