{
  "ECE": 0.05321425064422056,
  "Accuracy": 0.28338080644607544,
  "AdaptiveECE": 0.053612690418958664,
  "ClasswiseECE": 0.0007729224162176251,
  "NLL": 4.165134906768799,
  "ECEDebiased": 0.05602002275048056,
  "ECESweep": 0.05361297247491414,
  "BrierLoss": 0.41711094975471497,
  "RBS": 0.9133574962615967
}