{
  "ECE": 0.02235906236384289,
  "Accuracy": 0.2840685546398163,
  "AdaptiveECE": 0.02215202897787094,
  "ClasswiseECE": 0.0008074748911894858,
  "NLL": 4.17802619934082,
  "ECEDebiased": 0.02468491203565956,
  "ECESweep": 0.02397496068085557,
  "BrierLoss": 0.4183114767074585,
  "RBS": 0.9146709442138672
}