{
  "ECE": 0.2389417335110678,
  "Accuracy": 0.2530212104320526,
  "AdaptiveECE": 0.23894141614437103,
  "ClasswiseECE": 0.0010011702543124557,
  "NLL": 5.127623558044434,
  "ECEDebiased": 0.2628444010412719,
  "ECESweep": 0.23894171140272533,
  "BrierLoss": 0.47015580534935,
  "RBS": 0.9696966409683228
}