{
  "ECE": 0.05661892758488016,
  "Accuracy": 0.27161523699760437,
  "AdaptiveECE": 0.05687160789966583,
  "ClasswiseECE": 0.0006284777773544192,
  "NLL": 4.363093376159668,
  "ECEDebiased": 0.0821254804312297,
  "ECESweep": 0.056871445583399946,
  "BrierLoss": 0.4260910451412201,
  "RBS": 0.9231370687484741
}