{
  "ECE": 0.00792224313465355,
  "Accuracy": 0.2530212104320526,
  "AdaptiveECE": 0.006058617029339075,
  "ClasswiseECE": 0.0007084602257236838,
  "NLL": 4.488276481628418,
  "ECEDebiased": 0.010554644952887457,
  "ECESweep": 0.007391566312202982,
  "BrierLoss": 0.429918110370636,
  "RBS": 0.9272735118865967
}