{
  "ECE": 0.23893363095543974,
  "Accuracy": 0.2530212104320526,
  "AdaptiveECE": 0.23893335461616516,
  "ClasswiseECE": 0.0010011594276875257,
  "NLL": 5.1239495277404785,
  "ECEDebiased": 0.2628352767428353,
  "ECESweep": 0.23893364135957018,
  "BrierLoss": 0.4701542258262634,
  "RBS": 0.9696950316429138
}