{
  "ECE": 0.018168164332964417,
  "Accuracy": 0.24702788889408112,
  "AdaptiveECE": 0.017335856333374977,
  "ClasswiseECE": 0.0007739830180071294,
  "NLL": 4.327816486358643,
  "ECEDebiased": 0.017639121369634133,
  "ECESweep": 0.01810563524480778,
  "BrierLoss": 0.4337417483329773,
  "RBS": 0.9313879609107971
}