{
  "ECE": 0.13416973651509592,
  "Accuracy": 0.3372224271297455,
  "AdaptiveECE": 0.13416944444179535,
  "ClasswiseECE": 0.0007120835362002254,
  "NLL": 3.947612762451172,
  "ECEDebiased": 0.14390858240767287,
  "ECESweep": 0.13416973869525822,
  "BrierLoss": 0.40851473808288574,
  "RBS": 0.9038968086242676
}