{
  "ECE": 0.05321433692863095,
  "Accuracy": 0.28338080644607544,
  "AdaptiveECE": 0.05361277982592583,
  "ClasswiseECE": 0.0007729224744252861,
  "NLL": 4.165134906768799,
  "ECEDebiased": 0.05602013799061237,
  "ECESweep": 0.05361306361486599,
  "BrierLoss": 0.41711094975471497,
  "RBS": 0.9133574962615967
}