{
  "ECE": 0.022623996786175868,
  "Accuracy": 0.2530212104320526,
  "AdaptiveECE": 0.021793749183416367,
  "ClasswiseECE": 0.0007333675748668611,
  "NLL": 4.484874725341797,
  "ECEDebiased": 0.02885693514782609,
  "ECESweep": 0.022073954947718848,
  "BrierLoss": 0.430367648601532,
  "RBS": 0.9277582168579102
}