{
  "ECE": 0.01172036027375116,
  "Accuracy": 0.31457555294036865,
  "AdaptiveECE": 0.011943507939577103,
  "ClasswiseECE": 0.0006413125083781779,
  "NLL": 4.071492671966553,
  "ECEDebiased": 0.012770159779245385,
  "ECESweep": 0.012077681321484571,
  "BrierLoss": 0.40548595786094666,
  "RBS": 0.9005398154258728
}