{
  "ECE": 0.1358652022294078,
  "Accuracy": 0.21593141555786133,
  "AdaptiveECE": 0.1341092586517334,
  "ClasswiseECE": 0.0009434992680326104,
  "NLL": 4.8984880447387695,
  "ECEDebiased": 0.1421626248893784,
  "ECESweep": 0.13613059972045957,
  "BrierLoss": 0.45280733704566956,
  "RBS": 0.951637864112854
}