{
  "ECE": 0.010429465422568937,
  "Accuracy": 0.24579975008964539,
  "AdaptiveECE": 0.011702274903655052,
  "ClasswiseECE": 0.0007411023834720254,
  "NLL": 4.321645736694336,
  "ECEDebiased": 0.012744683006750577,
  "ECESweep": 0.011263114013148211,
  "BrierLoss": 0.43167850375175476,
  "RBS": 0.9291700720787048
}