{
  "ECE": 0.08354875349305538,
  "Accuracy": 0.2931322455406189,
  "AdaptiveECE": 0.08487657457590103,
  "ClasswiseECE": 0.0008146481122821569,
  "NLL": 4.1852240562438965,
  "ECEDebiased": 0.09526778505295386,
  "ECESweep": 0.08419707359401679,
  "BrierLoss": 0.4238155484199524,
  "RBS": 0.9206688404083252
}