{
  "ECE": 0.010079926039601186,
  "Accuracy": 0.267513245344162,
  "AdaptiveECE": 0.010582624934613705,
  "ClasswiseECE": 0.0005977093824185431,
  "NLL": 4.433078765869141,
  "ECEDebiased": 0.01367985237687748,
  "ECESweep": 0.010371056022435439,
  "BrierLoss": 0.4245542585849762,
  "RBS": 0.9214708209037781
}