{
  "ECE": 0.027090050465114215,
  "Accuracy": 0.2523089051246643,
  "AdaptiveECE": 0.026706749573349953,
  "ClasswiseECE": 0.0007980930968187749,
  "NLL": 4.50634765625,
  "ECEDebiased": 0.028824222506557803,
  "ECESweep": 0.026502826113193798,
  "BrierLoss": 0.42919546365737915,
  "RBS": 0.9264938831329346
}