{
  "ECE": 0.009367816905000777,
  "Accuracy": 0.29860973358154297,
  "AdaptiveECE": 0.00893345195800066,
  "ClasswiseECE": 0.000649699941277504,
  "NLL": 4.178519248962402,
  "ECEDebiased": 0.012596645344312278,
  "ECESweep": 0.009508297691097178,
  "BrierLoss": 0.41125139594078064,
  "RBS": 0.9069194197654724
}