{
  "ECE": 0.6524627146055443,
  "Accuracy": 0.31457555294036865,
  "AdaptiveECE": 0.6524559259414673,
  "ClasswiseECE": 0.0013445453951135278,
  "NLL": 36.44839859008789,
  "ECEDebiased": 0.6539365654897049,
  "ECESweep": 0.6524627195152558,
  "BrierLoss": 0.6619716882705688,
  "RBS": 1.1506273746490479
}