{
  "ECE": 0.08050857535555173,
  "Accuracy": 0.2940901815891266,
  "AdaptiveECE": 0.08203480392694473,
  "ClasswiseECE": 0.0008163065067492425,
  "NLL": 4.198398113250732,
  "ECEDebiased": 0.0950560006751824,
  "ECESweep": 0.08050855626014483,
  "BrierLoss": 0.42483073472976685,
  "RBS": 0.9217708110809326
}