{
  "ECE": 0.01636350307614343,
  "Accuracy": 0.284780889749527,
  "AdaptiveECE": 0.014949481002986431,
  "ClasswiseECE": 0.0007552367751486599,
  "NLL": 4.137363433837891,
  "ECEDebiased": 0.02044141713041324,
  "ECESweep": 0.015030468065622157,
  "BrierLoss": 0.41702359914779663,
  "RBS": 0.9132618308067322
}