{
  "ECE": 0.00792255831386775,
  "Accuracy": 0.2530212104320526,
  "AdaptiveECE": 0.006107659544795752,
  "ClasswiseECE": 0.0007084591779857874,
  "NLL": 4.488276481628418,
  "ECEDebiased": 0.010554445167429281,
  "ECESweep": 0.007391797771209242,
  "BrierLoss": 0.4299180507659912,
  "RBS": 0.9272734522819519
}