{
  "ECE": 0.055695932856282354,
  "Accuracy": 0.267513245344162,
  "AdaptiveECE": 0.054148461669683456,
  "ClasswiseECE": 0.000703879282809794,
  "NLL": 4.463711738586426,
  "ECEDebiased": 0.05948257955256815,
  "ECESweep": 0.054178145812378925,
  "BrierLoss": 0.4353373050689697,
  "RBS": 0.9330994486808777
}