{
  "ECE": 0.014443158815340555,
  "Accuracy": 0.267513245344162,
  "AdaptiveECE": 0.012325195595622063,
  "ClasswiseECE": 0.0006238912465050817,
  "NLL": 4.415642738342285,
  "ECEDebiased": 0.01465015695697666,
  "ECESweep": 0.01392413355660087,
  "BrierLoss": 0.42359858751296997,
  "RBS": 0.9204331636428833
}