{
  "ECE": 0.03411070672457711,
  "Accuracy": 0.27161523699760437,
  "AdaptiveECE": 0.0352996289730072,
  "ClasswiseECE": 0.0007202975102700293,
  "NLL": 4.507773399353027,
  "ECEDebiased": 0.05270602396843304,
  "ECESweep": 0.03576197341087407,
  "BrierLoss": 0.4406978487968445,
  "RBS": 0.9388267397880554
}