{
  "ECE": 0.017762260738629198,
  "Accuracy": 0.2535124719142914,
  "AdaptiveECE": 0.018677784129977226,
  "ClasswiseECE": 0.0007406164659187198,
  "NLL": 4.518352031707764,
  "ECEDebiased": 0.03205970281930942,
  "ECESweep": 0.018171657458078402,
  "BrierLoss": 0.4302022457122803,
  "RBS": 0.927579939365387
}