{
  "ECE": 0.011638121373437551,
  "Accuracy": 0.267513245344162,
  "AdaptiveECE": 0.010249209590256214,
  "ClasswiseECE": 0.0006212370935827494,
  "NLL": 4.420185565948486,
  "ECEDebiased": 0.009884079662720502,
  "ECESweep": 0.010826327880003745,
  "BrierLoss": 0.42377007007598877,
  "RBS": 0.9206194281578064
}