{
  "ECE": 0.0840976809002869,
  "Accuracy": 0.24611906707286835,
  "AdaptiveECE": 0.0840212032198906,
  "ClasswiseECE": 0.0008312818827107549,
  "NLL": 4.496661186218262,
  "ECEDebiased": 0.08964888789443645,
  "ECESweep": 0.08402139622711507,
  "BrierLoss": 0.4394925534725189,
  "RBS": 0.9375420808792114
}