{
  "ECE": 0.009802289594255428,
  "Accuracy": 0.284780889749527,
  "AdaptiveECE": 0.009496462531387806,
  "ClasswiseECE": 0.0007401167531497777,
  "NLL": 4.138271808624268,
  "ECEDebiased": 0.011790671785862829,
  "ECESweep": 0.012378173250186,
  "BrierLoss": 0.4168992042541504,
  "RBS": 0.9131256341934204
}