{
  "ECE": 0.11322522424523788,
  "Accuracy": 0.2842159569263458,
  "AdaptiveECE": 0.11322495341300964,
  "ClasswiseECE": 0.0007550871814601123,
  "NLL": 4.390129566192627,
  "ECEDebiased": 0.12960174404217248,
  "ECESweep": 0.11322523121496761,
  "BrierLoss": 0.4222189486026764,
  "RBS": 0.9189330339431763
}